,select,category,category_de,category_nl,name,name_de,name_nl,source_de,source_id_de,source_nl,source_id_nl,Zeitbezug_min,Zeitbezug_max,Gemeinden,Gemeindeverbände,Kreise
0,,Absolute numbers,Absolutzahlen,,Unemployed,Arbeitslose,,Inkar,2176,,,1995,2020,,X,X
1,x,Absolute numbers,Absolutzahlen,,Population (with correction VZ 1987/Zensus 2011),Bevölkerung (mit Korrektur VZ 1987/Zensus 2011),,Inkar,10806,,,1995,2020,,X,X
2,,Absolute numbers,Absolutzahlen,,Total population,Bevölkerung gesamt,,Inkar,12586,,,1995,2020,,X,X
3,,Absolute numbers,Absolutzahlen,,Population Male,Bevölkerung männlich,,Inkar,12747,,,1995,2020,,X,X
4,,Absolute numbers,Absolutzahlen,,Population female,Bevölkerung weiblich,,Inkar,12746,,,1995,2020,,X,X
5,,Absolute numbers,Absolutzahlen,,Total floor area qkm,Bodenfläche gesamt qkm,,Inkar,18168,,,1996,2020,,X,X
6,,Absolute numbers,Absolutzahlen,,Gross domestic product in 1000 euros,Bruttoinlandsprodukt in 1000 Euro,,Inkar,4273,,,2000,2020,,,X
7,,Absolute numbers,Absolutzahlen,,Working population (15 to under 65 years),Erwerbsfähige Bevölkerung (15 bis unter 65 Jahre),,Inkar,16607,,,1995,2020,,X,X
8,,Absolute numbers,Absolutzahlen,,Employment,Erwerbstätige,,Inkar,18602,,,2000,2020,,,X
9,,Absolute numbers,Absolutzahlen,,Social security employees at the place of work,Sozialversicherungspflichtig Beschäftigte am Arbeitsort,,Inkar,8774,,,1997,2020,,X,X
10,,Absolute numbers,Absolutzahlen,,Employees liable to social security contributions at their place of residence,Sozialversicherungspflichtig Beschäftigte am Wohnort,,Inkar,8766,,,1997,2020,,X,X
11,,Unemployment,Arbeitslosigkeit,,Proportion of younger unemployed,Anteil jüngere Arbeitslose,,Inkar,15127,,,1995,2020,,X,X
12,,Unemployment,Arbeitslosigkeit,,Proportion of young male unemployed,Anteil männliche jüngere Arbeitslose,,Inkar,16288,,,1998,2020,,X,X
13,,Unemployment,Arbeitslosigkeit,,Proportion of older male unemployed,Anteil männliche ältere Arbeitslose,,Inkar,16367,,,1998,2020,,X,X
14,,Unemployment,Arbeitslosigkeit,,Proportion of young women unemployed,Anteil weibliche jüngere Arbeitslose,,Inkar,16286,,,1998,2020,,X,X
15,,Unemployment,Arbeitslosigkeit,,Proportion of older female unemployed,Anteil weibliche ältere Arbeitslose,,Inkar,16347,,,1998,2020,,X,X
16,,Unemployment,Arbeitslosigkeit,,Proportion of older unemployed,Anteil ältere Arbeitslose,,Inkar,16326,,,1998,2020,,X,X
17,,Unemployment,Arbeitslosigkeit,,Unemployed women,Arbeitslose Frauen,,Inkar,15026,,,1995,2020,,X,X
18,,Unemployment,Arbeitslosigkeit,,Unemployed men,Arbeitslose Männer,,Inkar,15027,,,1995,2020,,X,X
19,,Unemployment,Arbeitslosigkeit,,Unemployed with a requirement level Expert,Arbeitslose mit Anforderungsniveau Experte,,Inkar,15032,,,2010,2020,,X,X
20,,Unemployment,Arbeitslosigkeit,,Unemployed with a qualification level Specialist,Arbeitslose mit Anforderungsniveau Fachkraft,,Inkar,15034,,,2010,2020,,X,X
21,,Unemployment,Arbeitslosigkeit,,Unemployed with a requirement level Helpers,Arbeitslose mit Anforderungsniveau Helfer,,Inkar,15035,,,2010,2020,,X,X
22,,Unemployment,Arbeitslosigkeit,,Unemployed with a level of qualification Specialist,Arbeitslose mit Anforderungsniveau Spezialist,,Inkar,15033,,,2010,2020,,X,X
23,,Unemployment,Arbeitslosigkeit,,Unemployed without training,Arbeitslose ohne Ausbildung,,Inkar,15031,,,2009,2020,,X,X
24,,Unemployment,Arbeitslosigkeit,,Unemployment rate,Arbeitslosenquote,,Inkar,14574,,,1998,2020,,,X
25,,Unemployment,Arbeitslosigkeit,,Unemployment rate women,Arbeitslosenquote Frauen,,Inkar,14986,,,2008,2020,,,X
26,,Unemployment,Arbeitslosigkeit,,Unemployment rate Younger,Arbeitslosenquote Jüngere,,Inkar,15506,,,2008,2020,,,X
27,,Unemployment,Arbeitslosigkeit,,Unemployment rate Males,Arbeitslosenquote Männer,,Inkar,14987,,,2008,2020,,,X
28,,Unemployment,Arbeitslosigkeit,,Unemployment rate Elderly,Arbeitslosenquote Ältere,,Inkar,16386,,,2008,2020,,,X
29,,Unemployment,Arbeitslosigkeit,,Foreign unemployed,Ausländische Arbeitslose,,Inkar,15028,,,1995,2020,,X,X
30,,Unemployment,Arbeitslosigkeit,,Foreign male unemployed,Ausländische männliche Arbeitslose,,Inkar,15030,,,1998,2020,,X,X
31,,Unemployment,Arbeitslosigkeit,,Foreign female unemployed,Ausländische weibliche Arbeitslose,,Inkar,15029,,,1998,2020,,X,X
32,,Unemployment,Arbeitslosigkeit,,Younger unemployed,Jüngere Arbeitslose,,Inkar,16271,,,1995,2020,,X,X
33,,Unemployment,Arbeitslosigkeit,,Long-term unemployed,Langzeitarbeitslose,,Inkar,14575,,,1995,2020,,X,X
34,,Unemployment,Arbeitslosigkeit,,Long-term male unemployment,Männliche Langzeitarbeitslose,,Inkar,16466,,,1998,2020,,X,X
35,,Unemployment,Arbeitslosigkeit,,Male younger unemployed,Männliche jüngere Arbeitslose,,Inkar,16306,,,1998,2020,,X,X
36,,Unemployment,Arbeitslosigkeit,,Male older unemployed,Männliche ältere Arbeitslose,,Inkar,16368,,,1998,2020,,X,X
37,,Unemployment,Arbeitslosigkeit,,Open positions with level of requirements Expert,Offene Stellen mit Anforderungsniveau Experte,,Inkar,16266,,,2008,2020,,,X
38,,Unemployment,Arbeitslosigkeit,,Open positions with a level of qualification,Offene Stellen mit Anforderungsniveau Fachkraft,,Inkar,16268,,,2008,2020,,,X
39,,Unemployment,Arbeitslosigkeit,,Open positions with level of requirements Helpers,Offene Stellen mit Anforderungsniveau Helfer,,Inkar,16269,,,2008,2020,,,X
40,,Unemployment,Arbeitslosigkeit,,Open positions with level of requirements Specialist,Offene Stellen mit Anforderungsniveau Spezialist,,Inkar,16267,,,2008,2020,,,X
41,,Unemployment,Arbeitslosigkeit,,Long-term female unemployment,Weibliche Langzeitarbeitslose,,Inkar,16446,,,1998,2020,,X,X
42,,Unemployment,Arbeitslosigkeit,,Female younger unemployed,Weibliche jüngere Arbeitslose,,Inkar,16287,,,1998,2020,,X,X
43,,Unemployment,Arbeitslosigkeit,,Female older unemployed,Weibliche ältere Arbeitslose,,Inkar,16348,,,1998,2020,,X,X
44,,Unemployment,Arbeitslosigkeit,,Older unemployed,Ältere Arbeitslose,,Inkar,16346,,,1998,2020,,X,X
45,,Building and housing,Bauen und Wohnen,,5 and more room apartments,5- und mehr Raum-Wohnungen,,Inkar,17358,,,2011,2020,,X,X
46,,Building and housing,Bauen und Wohnen,,Building permits for dwellings,Baugenehmigungen für Wohnungen,,Inkar,16027,,,1995,2020,,X,X
47,,Building and housing,Bauen und Wohnen,,Building permits for dwellings in single and two-family houses,Baugenehmigungen für Wohnungen in Ein- und Zweifamilienhäusern,,Inkar,16028,,,2003,2020,,X,X
48,,Building and housing,Bauen und Wohnen,,Building permits for apartments in multi-family houses,Baugenehmigungen für Wohnungen in Mehrfamilienhäusern,,Inkar,16686,,,1995,2020,,X,X
49,,Building and housing,Bauen und Wohnen,,Building land prices,Baulandpreise,,Inkar,15167,,,1995,2020,,,X
50,,Building and housing,Bauen und Wohnen,,Single and two-family houses,Ein- und Zweifamilienhäuser,,Inkar,17355,,,2011,2020,,X,X
51,,Building and housing,Bauen und Wohnen,,One and two-room apartments,Ein- und Zweiraumwohnungen,,Inkar,17357,,,2011,2020,,X,X
52,,Building and housing,Bauen und Wohnen,,Manufactured residential buildings with renewable heating energy,Fertiggestellte Wohngebäude mit erneuerbarer Heizenergie,,Inkar,16806,,,2016,2020,,,X
53,,Building and housing,Bauen und Wohnen,,Number of dwellings completed,Fertiggestellte Wohnungen im Bestand,,Inkar,16709,,,2011,2020,,X,X
54,,Building and housing,Bauen und Wohnen,,Completed apartments with renewable heating energy,Fertiggestellte Wohnungen mit erneuerbarer Heizenergie,,Inkar,16807,,,2017,2020,,,X
55,,Building and housing,Bauen und Wohnen,,Multi-family houses,Mehrfamilienhäuser,,Inkar,17356,,,2011,2020,,X,X
56,,Building and housing,Bauen und Wohnen,,New apartments in single and two-family houses,Neubauwohnungen in Ein- und Zweifamilienhäusern,,Inkar,16747,,,2000,2020,,X,X
57,,Building and housing,Bauen und Wohnen,,New apartments in single and two-family houses per inhabitant,Neubauwohnungen in Ein- und Zweifamilienhäusern je Einwohner,,Inkar,16766,,,1996,2020,,X,X
58,,Building and housing,Bauen und Wohnen,,New apartments in multi-family houses,Neubauwohnungen in Mehrfamilienhäusern,,Inkar,16786,,,1995,2020,,X,X
59,,Building and housing,Bauen und Wohnen,,New dwellings per inhabitant,Neubauwohnungen je Einwohner,,Inkar,16748,,,1995,2020,,X,X
60,,Building and housing,Bauen und Wohnen,,New single and two-family houses,Neue Ein- und Zweifamilienhäuser,,Inkar,16746,,,2000,2020,,X,X
61,,Building and housing,Bauen und Wohnen,,Living space,Wohnfläche,,Inkar,17359,,,2011,2020,,,X
62,,Building and housing,Bauen und Wohnen,,Flats in single and two-family houses,Wohnungen in Ein- und Zweifamilienhäusern,,Inkar,17789,,,2011,2020,,X,X
63,,Building and housing,Bauen und Wohnen,,Flats in multi-family houses,Wohnungen in Mehrfamilienhäusern,,Inkar,17790,,,2011,2020,,X,X
64,,Employment and employment,Beschäftigung und Erwerbstätigkeit,,Share of employment Financial and business services,Anteil Erwerbstätige Finanz- und Unternehmensdienstleistungen,,Inkar,17064,,,2000,2020,,,X
65,,Employment and employment,Beschäftigung und Erwerbstätigkeit,,Share of total employment Manufacturing in industry,Anteil Erwerbstätige Verarbeitendes Gewerbe an Industrie,,Inkar,17063,,,2000,2020,,,X
66,,Employment and employment,Beschäftigung und Erwerbstätigkeit,,Share of mini-jobs (women),Anteil Minijobs (Frauen),,Inkar,17033,,,2003,2020,,X,X
67,x,Employment and employment,Beschäftigung und Erwerbstätigkeit,,Share of mini-jobs (men),Anteil Minijobs (Männer),,Inkar,17034,,,2003,2020,,X,X
68,,Employment and employment,Beschäftigung und Erwerbstätigkeit,,Share of mini-jobs (supplementary earnings),Anteil Minijobs (Nebenverdienst),,Inkar,17029,,,2003,2020,,X,X
69,,Employment and employment,Beschäftigung und Erwerbstätigkeit,,Share of mini-jobs (supplementary earnings) in employment,Anteil Minijobs (Nebenverdienst) an den Beschäftigungsverhältnissen,,Inkar,16728,,,2003,2020,,X,X
70,,Employment and employment,Beschäftigung und Erwerbstätigkeit,,Share of mini-jobs (exclusively) in employment,Anteil Minijobs (ausschließlich) an den Beschäftigungsverhältnissen,,Inkar,15007,,,2003,2020,,X,X
71,,Employment and employment,Beschäftigung und Erwerbstätigkeit,,Share of mini-jobs (excluding small employees),Anteil Minijobs (ausschließlich) an geringfügig Beschäftigten,,Inkar,16729,,,2003,2020,,X,X
72,,Employment and employment,Beschäftigung und Erwerbstätigkeit,,Share of mini-jobs in employment,Anteil Minijobs an den Beschäftigungsverhältnissen,,Inkar,16727,,,2003,2020,,X,X
73,,Employment and employment,Beschäftigung und Erwerbstätigkeit,,Replenishment,Aufstocker,,Inkar,14386,,,2007,2020,,,X
74,,Employment and employment,Beschäftigung und Erwerbstätigkeit,,Number of persons employed in the pymaric sector,Beschäftigte Pimärer Sektor,,Inkar,17038,,,2008,2020,,,X
75,,Employment and employment,Beschäftigung und Erwerbstätigkeit,,Employees Secondary sector,Beschäftigte Sekundärer Sektor,,Inkar,17040,,,2008,2020,,,X
76,,Employment and employment,Beschäftigung und Erwerbstätigkeit,,Employees Tertiary sector,Beschäftigte Tertiärer Sektor,,Inkar,17047,,,2008,2020,,,X
77,,Employment and employment,Beschäftigung und Erwerbstätigkeit,,Employees at the AO with a vocational qualification,Beschäftigte am AO mit Berufsabschluss,,Inkar,17522,,,2012,2020,,,X
78,,Employment and employment,Beschäftigung und Erwerbstätigkeit,,Employees at the AO with an academic degree,Beschäftigte am AO mit akademischem Berufsabschluss,,Inkar,17523,,,2012,2020,,,X
79,,Employment and employment,Beschäftigung und Erwerbstätigkeit,,Persons employed at the AO without a vocational qualification,Beschäftigte am AO ohne Berufsabschluss,,Inkar,17521,,,2012,2020,,,X
80,,Employment and employment,Beschäftigung und Erwerbstätigkeit,,Employees at the WO with a vocational qualification,Beschäftigte am WO mit Berufsabschluss,,Inkar,18586,,,2012,2020,,,X
81,,Employment and employment,Beschäftigung und Erwerbstätigkeit,,Employees at the WO with academic degree,Beschäftigte am WO mit akademischen Abschluss,,Inkar,18167,,,2012,2020,,,X
82,,Employment and employment,Beschäftigung und Erwerbstätigkeit,,Persons employed at the WO without a vocational qualification,Beschäftigte am WO ohne Berufsabschluss,,Inkar,18487,,,2012,2020,,,X
83,,Employment and employment,Beschäftigung und Erwerbstätigkeit,,Craft workers,Beschäftigte im Handwerk,,Inkar,17065,,,2010,2020,,,X
84,,Employment and employment,Beschäftigung und Erwerbstätigkeit,,Employees in IT and science services,Beschäftigte in IT- und naturwissenschaftlichen Dienstleistungsberufen,,Inkar,17806,,,2013,2020,,,X
85,,Employment and employment,Beschäftigung und Erwerbstätigkeit,,Employees in creative industries,Beschäftigte in Kreativbranchen,,Inkar,17061,,,2008,2020,,,X
86,,Employment and employment,Beschäftigung und Erwerbstätigkeit,,Employees in business services,Beschäftigte in unternehmensbezogenen Dienstleistungen,,Inkar,17053,,,2009,2020,,,X
87,,Employment and employment,Beschäftigung und Erwerbstätigkeit,,Employees in knowledge-intensive industries,Beschäftigte in wissensintensiven Industrien,,Inkar,17062,,,2009,2020,,,X
88,,Employment and employment,Beschäftigung und Erwerbstätigkeit,,Employees with a level of requirements Expert,Beschäftigte mit Anforderungsniveau Experte,,Inkar,17524,,,2013,2020,,,X
89,,Employment and employment,Beschäftigung und Erwerbstätigkeit,,Employees with a professional level of qualification,Beschäftigte mit Anforderungsniveau Fachkraft,,Inkar,17525,,,2013,2020,,,X
90,,Employment and employment,Beschäftigung und Erwerbstätigkeit,,Employees with a level of requirements Helpers,Beschäftigte mit Anforderungsniveau Helfer,,Inkar,17526,,,2013,2020,,,X
91,,Employment and employment,Beschäftigung und Erwerbstätigkeit,,Employees with a level of requirements Specialist,Beschäftigte mit Anforderungsniveau Spezialist,,Inkar,17527,,,2013,2020,,,X
92,,Employment and employment,Beschäftigung und Erwerbstätigkeit,,Employment rate,Beschäftigtenquote,,Inkar,17508,,,1997,2020,,X,X
93,,Employment and employment,Beschäftigung und Erwerbstätigkeit,,Employment rate Foreigners,Beschäftigtenquote Ausländer,,Inkar,17507,,,2011,2020,,,X
94,,Employment and employment,Beschäftigung und Erwerbstätigkeit,,Employment rate women,Beschäftigtenquote Frauen,,Inkar,17511,,,1997,2020,,X,X
95,,Employment and employment,Beschäftigung und Erwerbstätigkeit,,Employment rate Males,Beschäftigtenquote Männer,,Inkar,17514,,,1997,2020,,X,X
96,,Employment and employment,Beschäftigung und Erwerbstätigkeit,,Service rate,Dienstleistungsquote,,Inkar,17051,,,2008,2020,,,X
97,,Employment and employment,Beschäftigung und Erwerbstätigkeit,,Activity rate,Erwerbsquote,,Inkar,17515,,,1998,2020,,,X
98,,Employment and employment,Beschäftigung und Erwerbstätigkeit,,Activity rate for women,Erwerbsquote Frauen,,Inkar,17516,,,2008,2020,,,X
99,,Employment and employment,Beschäftigung und Erwerbstätigkeit,,Activity rate for men,Erwerbsquote Männer,,Inkar,17517,,,2008,2020,,,X
100,,Employment and employment,Beschäftigung und Erwerbstätigkeit,,Employment Primary sector,Erwerbstätige Primärer Sektor,,Inkar,17056,,,2000,2020,,,X
101,,Employment and employment,Beschäftigung und Erwerbstätigkeit,,Employment Secondary sector,Erwerbstätige Sekundärer Sektor,,Inkar,17058,,,2000,2020,,,X
102,,Employment and employment,Beschäftigung und Erwerbstätigkeit,,Employment Tertiary sector,Erwerbstätige Tertiärer Sektor,,Inkar,17059,,,2000,2020,,,X
103,,Employment and employment,Beschäftigung und Erwerbstätigkeit,,Low level of employment 65 years and over,Geringfügig Beschäftigte 65 Jahre und älter,,Inkar,17035,,,2007,2020,,,X
104,,Employment and employment,Beschäftigung und Erwerbstätigkeit,,Low level of employment 65 years and over male,Geringfügig Beschäftigte 65 Jahre und älter männlich,,Inkar,17036,,,2007,2020,,,X
105,,Employment and employment,Beschäftigung und Erwerbstätigkeit,,Low number of persons employed 65 years and over female,Geringfügig Beschäftigte 65 Jahre und älter weiblich,,Inkar,17037,,,2007,2020,,,X
106,,Employment and employment,Beschäftigung und Erwerbstätigkeit,,Industrial rate,Industriequote,,Inkar,17049,,,2008,2020,,,X
107,,Employment and employment,Beschäftigung und Erwerbstätigkeit,,Short-time workers,Kurzarbeiter,,Inkar,16046,,,2007,2020,,,X
108,,Employment and employment,Beschäftigung und Erwerbstätigkeit,,Rate of younger employees,Quote jüngere Beschäftigte,,Inkar,17509,,,2010,2020,,,X
109,,Employment and employment,Beschäftigung und Erwerbstätigkeit,,Rate of older employees,Quote ältere Beschäftigte,,Inkar,17510,,,2005,2020,,,X
110,,Employment and employment,Beschäftigung und Erwerbstätigkeit,,Selfemployment rate,Selbständigenquote,,Inkar,17518,,,2000,2020,,,X
111,,Employment and employment,Beschäftigung und Erwerbstätigkeit,,Women working part-time,Teilzeitbeschäftige Frauen,,Inkar,17519,,,2012,2020,,,X
112,,Employment and employment,Beschäftigung und Erwerbstätigkeit,,Working part-time,Teilzeitbeschäftigte,,Inkar,17506,,,2012,2020,,,X
113,,Employment and employment,Beschäftigung und Erwerbstätigkeit,,Underemployment rate,Unterbeschäftigungsquote,,Inkar,14382,,,2011,2019,,,X
114,,Employment and employment,Beschäftigung und Erwerbstätigkeit,,Ratio of young to old working age,Verhältnis junge zu alte Erwerbsfähige,,Inkar,17513,,,1995,2020,,X,X
115,,Population,Bevölkerung,,Old age dependency rate,Abhängigenquote Alte,,Inkar,16987,,,1995,2020,,X,X
116,,Population,Bevölkerung,,Dependent rate young,Abhängigenquote Junge,,Inkar,16945,,,1995,2020,,X,X
117,,Population,Bevölkerung,,Share of foreigners,Ausländeranteil,,Inkar,14707,,,1995,2020,,,X
118,,Population,Bevölkerung,,Women foreigners,Ausländerinnen,,Inkar,16942,,,1995,2020,,,X
119,,Population,Bevölkerung,,External migration balance,Außenwanderungssaldo,,Inkar,14691,,,1995,2020,,,X
120,,Population,Bevölkerung,,Women's external migration balance,Außenwanderungssaldo Frauen,,Inkar,17039,,,2003,2020,,,X
121,,Population,Bevölkerung,,External migration balance Males,Außenwanderungssaldo Männer,,Inkar,17046,,,2003,2020,,,X
122,,Population,Bevölkerung,,Immigrants entering the labour market,Berufseinstiegswanderer,,Inkar,17060,,,1995,2020,,,X
123,,Population,Bevölkerung,,Immigrants from education,Bildungswanderer,,Inkar,17052,,,1995,2020,,,X
124,,Population,Bevölkerung,,Inland migration balance,Binnenwanderungssaldo,,Inkar,14690,,,1995,2020,,,X
125,,Population,Bevölkerung,,Inland migration balance Women,Binnenwanderungssaldo Frauen,,Inkar,17048,,,2003,2020,,,X
126,,Population,Bevölkerung,,Inland migration balance Males,Binnenwanderungssaldo Männer,,Inkar,17050,,,2003,2020,,,X
127,,Population,Bevölkerung,,Volume of internal migration,Binnenwanderungsvolumen,,Inkar,17092,,,1995,2020,,,X
128,,Population,Bevölkerung,,Volume of domestic migration of women,Binnenwanderungsvolumen der Frauen,,Inkar,17106,,,2003,2020,,,X
129,,Population,Bevölkerung,,Volume of men's internal migration,Binnenwanderungsvolumen der Männer,,Inkar,17107,,,2003,2020,,,X
130,,Population,Bevölkerung,,Average age of population,Durchschnittsalter der Bevölkerung,,Inkar,16933,,,1995,2020,,X,X
131,,Population,Bevölkerung,,Divorces,Ehescheidungen,,Inkar,16943,,,2003,2020,,,X
132,,Population,Bevölkerung,,Marriages,Eheschließungen,,Inkar,16944,,,2015,2020,,,X
133,,Population,Bevölkerung,,Naturalisations per foreigner,Einbürgerungen je Ausländer,,Inkar,17026,,,2015,2020,,,X
134,,Population,Bevölkerung,,Naturalisations per inhabitant,Einbürgerungen je Einwohner,,Inkar,17027,,,2015,2020,,,X
135,,Population,Bevölkerung,,One-person households,Einpersonenhaushalte,,Inkar,17007,,,2013,2020,,X,X
136,,Population,Bevölkerung,,Inhabitants 65 years and over,Einwohner 65 Jahre und älter,,Inkar,14688,,,1995,2020,,X,X
137,,Population,Bevölkerung,,Population 75 years and over,Einwohner 75 Jahre und älter,,Inkar,14706,,,1995,2020,,X,X
138,,Population,Bevölkerung,,Inhabitants 85 years and over,Einwohner 85 Jahre und älter,,Inkar,16929,,,2011,2020,,,X
139,,Population,Bevölkerung,,Inhabitants under 3 years of age,Einwohner unter 3 Jahren,,Inkar,16186,,,1995,2020,,X,X
140,,Population,Bevölkerung,,Inhabitants under 6 years,Einwohner unter 6 Jahre,,Inkar,15410,,,1995,2020,,X,X
141,,Population,Bevölkerung,,Inhabitants aged 18 to under 25,Einwohner von 18 bis unter 25 Jahren,,Inkar,16109,,,1995,2020,,X,X
142,,Population,Bevölkerung,,Inhabitants aged 25 to under 30,Einwohner von 25 bis unter 30 Jahren,,Inkar,16126,,,1995,2020,,X,X
143,,Population,Bevölkerung,,Inhabitants from 3 to less than 6 years,Einwohner von 3 bis unter 6 Jahren,,Inkar,16206,,,1995,2020,,X,X
144,,Population,Bevölkerung,,Inhabitants from 30 to less than 50 years of age,Einwohner von 30 bis unter 50 Jahren,,Inkar,16146,,,1995,2020,,X,X
145,,Population,Bevölkerung,,Inhabitants aged 50 to less than 65,Einwohner von 50 bis unter 65 Jahren,,Inkar,16147,,,1995,2020,,X,X
146,,Population,Bevölkerung,,Inhabitants from 6 to under 18 years,Einwohner von 6 bis unter 18 Jahren,,Inkar,15426,,,1995,2020,,X,X
147,,Population,Bevölkerung,,Inhabitants aged 65 to less than 75,Einwohner von 65 bis unter 75 Jahren,,Inkar,16886,,,1995,2020,,X,X
148,,Population,Bevölkerung,,Inhabitants aged 75 to less than 85,Einwohner von 75 bis unter 85 Jahren,,Inkar,16926,,,2011,2020,,,X
149,,Population,Bevölkerung,,Migrant workers,Erwerbswanderer,,Inkar,17091,,,1995,2020,,,X
150,,Population,Bevölkerung,,Family Migrants,Familienwanderer,,Inkar,17090,,,1995,2020,,,X
151,,Population,Bevölkerung,,Fertility rate,Fertilitätsrate,,Inkar,17346,,,1995,2020,,,X
152,,Population,Bevölkerung,,Growth rate,Fortzugsrate,,Inkar,17127,,,1995,2020,,,X
153,,Population,Bevölkerung,,Growth rate for women,Fortzugsrate Frauen,,Inkar,17129,,,2003,2020,,,X
154,,Population,Bevölkerung,,Growth rate for men,Fortzugsrate Männer,,Inkar,17131,,,2003,2020,,,X
155,x,Population,Bevölkerung,,Proportion of women,Frauenanteil,,Inkar,14006,,,1995,2020,,X,X
156,,Population,Bevölkerung,,Proportion of women 20 to less than 40 years,Frauenanteil 20 bis unter 40 Jahre,,Inkar,16989,,,1995,2020,,X,X
157,,Population,Bevölkerung,,Births,Geborene,,Inkar,17334,,,1995,2020,,X,X
158,,Population,Bevölkerung,,Births of young mothers (<20 years),Geburten junger Mütter (<20 Jahre),,Inkar,17347,,,1995,2020,,,X
159,,Population,Bevölkerung,,Births of older mothers (>=40 years),Geburten älterer Mütter (>=40 Jahre),,Inkar,17348,,,1995,2020,,,X
160,,Population,Bevölkerung,,Total net migration,Gesamtwanderungssaldo,,Inkar,15490,,,1995,2020,,X,X
161,,Population,Bevölkerung,,Deceased,Gestorbene,,Inkar,17335,,,1995,2020,,X,X
162,,Population,Bevölkerung,,Households with children,Haushalte mit Kindern,,Inkar,17800,,,2013,2020,,X,X
163,,Population,Bevölkerung,,Household size,Haushaltsgröße,,Inkar,17006,,,2013,2020,,X,X
164,,Population,Bevölkerung,,Life expectancy,Lebenserwartung,,Inkar,17354,,,1995,2020,,,X
165,,Population,Bevölkerung,,Life expectancy for women,Lebenserwartung Frauen,,Inkar,17352,,,1995,2017,,,X
166,,Population,Bevölkerung,,Life expectancy Males,Lebenserwartung Männer,,Inkar,17353,,,1995,2017,,,X
167,,Population,Bevölkerung,,Male entry-level immigrants,Männliche Berufseinstiegswanderer,,Inkar,17087,,,2003,2020,,,X
168,,Population,Bevölkerung,,Male educational migrants,Männliche Bildungswanderer,,Inkar,17057,,,2003,2020,,,X
169,,Population,Bevölkerung,,Natural balance,Natürlicher Saldo,,Inkar,17448,,,1995,2020,,X,X
170,,Population,Bevölkerung,,Survival expectations of 60-year-olds,Restlebenserwartung der 60-Jährigen,,Inkar,17349,,,1995,2020,,,X
171,,Population,Bevölkerung,,Survival expectations of 60-year-old women,Restlebenserwartung der 60-jährigen Frauen,,Inkar,17350,,,1995,2017,,,X
172,,Population,Bevölkerung,,Residual life expectancy of 60-year-old men,Restlebenserwartung der 60-jährigen Männer,,Inkar,17351,,,1995,2017,,,X
173,,Population,Bevölkerung,,Retirement migrants,Ruhestandswanderer,,Inkar,17089,,,1995,2020,,,X
174,,Population,Bevölkerung,,People seeking protection,Schutzsuchende an Bevölkerung,,Inkar,14806,,,2007,2020,,,X
175,,Population,Bevölkerung,,Non-nationals seeking protection,Schutzsuchende an ausländischer Bevölkerung,,Inkar,14807,,,2007,2020,,,X
176,,Population,Bevölkerung,,Shares of votes AfD,Stimmenanteile AfD,,Inkar,16941,,,2017,2021,,,X
177,,Population,Bevölkerung,,Shares of votes CDU/CSU,Stimmenanteile CDU/CSU,,Inkar,16935,,,1998,2021,,,X
178,,Population,Bevölkerung,,Shares of votes The Left,Stimmenanteile Die Linke,,Inkar,16940,,,1998,2021,,,X
179,,Population,Bevölkerung,,Shares of votes FDP,Stimmenanteile FDP,,Inkar,16938,,,1998,2021,,,X
180,,Population,Bevölkerung,,Shares of votes Greens,Stimmenanteile Grüne,,Inkar,16937,,,1998,2021,,,X
181,,Population,Bevölkerung,,Shares of votes SPD,Stimmenanteile SPD,,Inkar,16936,,,1998,2021,,,X
182,,Population,Bevölkerung,,Shares of votes Other parties,Stimmenanteile Sonstige Parteien,,Inkar,16939,,,1998,2021,,,X
183,,Population,Bevölkerung,,Infant mortality (< 1 year),Säuglingssterblichkeit (<1 Jahr),,Inkar,15491,,,2000,2020,,,X
184,,Population,Bevölkerung,,Voter turnout,Wahlbeteiligung,,Inkar,17388,,,1998,2021,,,X
185,,Population,Bevölkerung,,Female entry-level immigrants,Weibliche Berufseinstiegswanderer,,Inkar,17086,,,2003,2020,,,X
186,,Population,Bevölkerung,,Women's educational migrants,Weibliche Bildungswanderer,,Inkar,17054,,,2003,2020,,,X
187,,Population,Bevölkerung,,Female population 65 years and over,Weibliche Einwohner 65 Jahre und älter,,Inkar,16866,,,1995,2020,,X,X
188,,Population,Bevölkerung,,Female population 75 years and over,Weibliche Einwohner 75 Jahre und älter,,Inkar,16167,,,1995,2020,,X,X
189,,Population,Bevölkerung,,Female population 85 years and over,Weibliche Einwohner 85 Jahre und älter,,Inkar,16932,,,2011,2020,,,X
190,,Population,Bevölkerung,,Female population from 18 to under 25 years,Weibliche Einwohner von 18 bis unter 25 Jahren,,Inkar,16826,,,1995,2020,,X,X
191,,Population,Bevölkerung,,Female population aged 25 to under 30,Weibliche Einwohner von 25 bis unter 30 Jahren,,Inkar,16846,,,1995,2020,,X,X
192,,Population,Bevölkerung,,Female population aged 65 to under 75,Weibliche Einwohner von 65 bis unter 75 Jahren,,Inkar,16906,,,1995,2020,,X,X
193,,Population,Bevölkerung,,Female population from 75 to less than 85 years of age,Weibliche Einwohner von 75 bis unter 85 Jahren,,Inkar,16931,,,2011,2020,,,X
194,,Population,Bevölkerung,,Intake rate,Zuzugsrate,,Inkar,17126,,,1995,2020,,,X
195,,Population,Bevölkerung,,Influx rate of women,Zuzugsrate Frauen,,Inkar,17128,,,2003,2020,,,X
196,,Population,Bevölkerung,,Influx rate Males,Zuzugsrate Männer,,Inkar,17130,,,2003,2020,,,X
197,,Education,Bildung,,Training places,Ausbildungsplätze,,Inkar,16408,,,1995,2019,,,X
198,,Education,Bildung,,Foreign vocational students,Ausländische Berufsschüler,,Inkar,17466,,,1995,2020,,,X
199,,Education,Bildung,,Foreign pupils,Ausländische Schüler,,Inkar,15149,,,1995,2020,,,X
200,,Education,Bildung,,Foreign pupils per 100 foreigners 6 to 18 years,Ausländische Schüler je 100 Ausländer 6 bis 18 Jahre,,Inkar,16467,,,2011,2020,,,X
201,,Education,Bildung,,Foreign students,Ausländische Studierende,,Inkar,15147,,,1998,2020,,X,X
202,,Education,Bildung,,Trainees,Auszubildende,,Inkar,16426,,,1995,2020,,,X
203,,Education,Bildung,,Apprentices per 100 inhabitants 15 to 25 years,Auszubildende je 100 Einwohner 15 bis 25 Jahre,,Inkar,16434,,,2010,2020,,,X
204,,Education,Bildung,,Vocational students,Berufsschüler,,Inkar,17467,,,1995,2020,,X,X
205,,Education,Bildung,,Vocational schoolgirls,Berufsschülerinnen,,Inkar,17468,,,1995,2020,,,X
206,,Education,Bildung,,Male Trainees,Männliche Auszubildende,,Inkar,16429,,,1995,2020,,,X
207,,Education,Bildung,,Male school leavers with a secondary school leaving certificate,Männliche Schulabgänger mit Hauptschulabschluss,,Inkar,16527,,,1995,2020,,,X
208,,Education,Bildung,,Male school leavers with general university entrance qualification,Männliche Schulabgänger mit allgemeiner Hochschulreife,,Inkar,14567,,,1995,2020,,,X
209,,Education,Bildung,,Male school leavers with a middle school leaving certificate,Männliche Schulabgänger mit mittlerem Abschluss,,Inkar,16531,,,2016,2020,,,X
210,,Education,Bildung,,Male school leavers without qualifications,Männliche Schulabgänger ohne Abschluss,,Inkar,14187,,,1995,2020,,,X
211,,Education,Bildung,,Male students,Männliche Studierende,,Inkar,16432,,,1995,2020,,X,X
212,,Education,Bildung,,School leavers with a secondary school leaving certificate,Schulabgänger mit Hauptschulabschluss,,Inkar,16506,,,1995,2020,,,X
213,,Education,Bildung,,School leavers with general university entrance qualification,Schulabgänger mit allgemeiner Hochschulreife,,Inkar,14149,,,1995,2020,,,X
214,,Education,Bildung,,Secondary school leavers,Schulabgänger mit mittlerem Abschluss,,Inkar,16528,,,2016,2020,,,X
215,,Education,Bildung,,School leavers without qualifications,Schulabgänger ohne Abschluss,,Inkar,14166,,,1995,2020,,,X
216,,Education,Bildung,,Pupils,Schüler,,Inkar,15148,,,1995,2020,,X,X
217,,Education,Bildung,,Students,Studierende,,Inkar,15146,,,1995,2020,,X,X
218,,Education,Bildung,,Students at FH,Studierende an FH,,Inkar,16430,,,2006,2020,,X,X
219,,Education,Bildung,,Students in the 1st semester,Studierende im 1. Semester,,Inkar,16433,,,1995,2020,,X,X
220,,Education,Bildung,,Students per 100 inhabitants 18 to 25 years,Studierende je 100 Einwohner 18 bis 25 Jahre,,Inkar,16435,,,1995,2020,,X,X
221,,Education,Bildung,,Female trainees,Weibliche Auszubildende,,Inkar,16428,,,1995,2020,,,X
222,,Education,Bildung,,Female school leavers with a secondary school leaving certificate,Weibliche Schulabgänger mit Hauptschulabschluss,,Inkar,16526,,,1995,2020,,,X
223,,Education,Bildung,,Female school leavers with general university entrance qualification,Weibliche Schulabgänger mit allgemeiner Hochschulreife,,Inkar,14146,,,1995,2020,,,X
224,,Education,Bildung,,Female middle school leavers,Weibliche Schulabgänger mit mittlerem Abschluss,,Inkar,16530,,,2016,2020,,,X
225,,Education,Bildung,,Female school leavers without qualifications,Weibliche Schulabgänger ohne Abschluss,,Inkar,14126,,,1995,2020,,,X
226,,Education,Bildung,,Female students,Weibliche Studierende,,Inkar,16431,,,1995,2020,,X,X
227,,Land use and environment,Flächennutzung und Umwelt,,Amount of waste,Abfallmenge,,Inkar,16947,,,2002,2020,,,X
228,,Land use and environment,Flächennutzung und Umwelt,,Recreational area,Erholungsfläche,,Inkar,16437,,,2016,2020,,X,X
229,,Land use and environment,Flächennutzung und Umwelt,,Recreational area per inhabitant,Erholungsfläche je Einwohner,,Inkar,15008,,,2016,2020,,X,X
230,,Land use and environment,Flächennutzung und Umwelt,,Free space,Freifläche,,Inkar,16546,,,2016,2020,,X,X
231,,Land use and environment,Flächennutzung und Umwelt,,Free area per inhabitant,Freifläche je Einwohner,,Inkar,16547,,,2016,2020,,X,X
232,,Land use and environment,Flächennutzung und Umwelt,,House and bulk waste,Haus- und Sperrmüll,,Inkar,16949,,,2007,2020,,,X
233,,Land use and environment,Flächennutzung und Umwelt,,Household waste,Haushaltsabfälle,,Inkar,16948,,,2007,2020,,,X
234,,Land use and environment,Flächennutzung und Umwelt,,Agricultural area,Landwirtschaftsfläche,,Inkar,14666,,,2016,2020,,X,X
235,,Land use and environment,Flächennutzung und Umwelt,,Area closer to nature,Naturnähere Fläche,,Inkar,16532,,,2016,2020,,X,X
236,,Land use and environment,Flächennutzung und Umwelt,,Area closer to nature per inhabitant,Naturnähere Fläche je Einwohner,,Inkar,16533,,,2016,2020,,X,X
237,,Land use and environment,Flächennutzung und Umwelt,,Organic waste,Organischer Abfall,,Inkar,16950,,,2007,2020,,,X
238,,Land use and environment,Flächennutzung und Umwelt,,Urban and transport area,Siedlungs- und Verkehrsfläche,,Inkar,16436,,,2016,2020,,X,X
239,,Land use and environment,Flächennutzung und Umwelt,,Population density in km2,Siedlungsdichte in km²,,Inkar,16407,,,2016,2020,,X,X
240,,Land use and environment,Flächennutzung und Umwelt,,Nitrogen surplus,Stickstoffüberschuss,,Inkar,17586,,,1996,2018,,,X
241,,Land use and environment,Flächennutzung und Umwelt,,Forest area,Waldfläche,,Inkar,14668,,,2016,2020,,X,X
242,,Land use and environment,Flächennutzung und Umwelt,,Water surface,Wasserfläche,,Inkar,16529,,,2016,2020,,X,X
243,,Land use and environment,Flächennutzung und Umwelt,,Recyclables,Wertstoffe,,Inkar,16951,,,2007,2020,,,X
244,,Medical and social care,Medizinische und soziale Versorgung,,General practitioners,Allgemeinärzte,,Inkar,16229,,,2015,2020,,X,X
245,,Medical and social care,Medizinische und soziale Versorgung,,Outpatient care,Ambulante Pflege,,Inkar,14486,,,2009,2019,,,X
246,,Medical and social care,Medizinische und soziale Versorgung,,Childcare rate,Betreuungsquote Kleinkinder,,Inkar,14470,,,2006,2020,,,X
247,,Medical and social care,Medizinische und soziale Versorgung,,Childcare rate for preschool children,Betreuungsquote Vorschulkinder,,Inkar,14472,,,2006,2020,,,X
248,,Medical and social care,Medizinische und soziale Versorgung,,Beneficiaries of care allowance,Empfänger von Pflegegeld,,Inkar,14488,,,2009,2019,,,X
249,,Medical and social care,Medizinische und soziale Versorgung,,Full-day care rate for young children,Ganztags-Betreuungsquote Kleinkinder,,Inkar,14471,,,2007,2018,,,X
250,,Medical and social care,Medizinische und soziale Versorgung,,Full-day care rate for preschool children,Ganztags-Betreuungsquote Vorschulkinder,,Inkar,14473,,,2007,2018,,,X
251,,Medical and social care,Medizinische und soziale Versorgung,,Family doctors,Hausärzte,,Inkar,16226,,,2015,2020,,X,X
252,,Medical and social care,Medizinische und soziale Versorgung,,Integrative day care facilities,Integrative Kindertageseinrichtungen,,Inkar,14476,,,2007,2020,,,X
253,,Medical and social care,Medizinische und soziale Versorgung,,Internalists,Internisten,,Inkar,16230,,,2015,2020,,X,X
254,,Medical and social care,Medizinische und soziale Versorgung,,Children of foreign origin in day care facilities,Kinder ausländischer Herkunft in Tageseinrichtungen,,Inkar,14474,,,2009,2018,,,X
255,,Medical and social care,Medizinische und soziale Versorgung,,Pediatricians,Kinderärzte,,Inkar,16227,,,2015,2020,,X,X
256,,Medical and social care,Medizinische und soziale Versorgung,,Hospital beds,Krankenhausbetten,,Inkar,15492,,,2004,2020,,,X
257,,Medical and social care,Medizinische und soziale Versorgung,,Nursing staff,Personal in Pflegediensten,,Inkar,17628,,,2009,2019,,,X
258,,Medical and social care,Medizinische und soziale Versorgung,,Staff in nursing homes,Personal in Pflegeheimen,,Inkar,17627,,,2009,2019,,,X
259,,Medical and social care,Medizinische und soziale Versorgung,,Persons in need of care,Pflegebedürftige,,Inkar,15495,,,2009,2019,,,X
260,,Medical and social care,Medizinische und soziale Versorgung,,Nursing homes,Pflegeheimplätze,,Inkar,14489,,,2003,2019,,,X
261,,Medical and social care,Medizinische und soziale Versorgung,,Educational staff in day care facilities,Pädagogisches Personal in Tageseinrichtungen,,Inkar,14475,,,2010,2020,,,X
262,,Medical and social care,Medizinische und soziale Versorgung,,Stationary care,Stationäre Pflege,,Inkar,14487,,,2009,2019,,,X
263,,Medical and social care,Medizinische und soziale Versorgung,,Doctors,Ärzte,,Inkar,16228,,,2015,2020,,X,X
264,,Private income and debt,Privateinkommen und private Schulden,,Share of self-employed in insolvencies,Anteil Selbständige an Insolvenzen,,Inkar,17168,,,2007,2020,,,X
265,,Private income and debt,Privateinkommen und private Schulden,,Volume of work,Arbeitsvolumen,,Inkar,17477,,,2000,2020,,,X
266,,Private income and debt,Privateinkommen und private Schulden,,Gross earnings,Bruttoverdienst,,Inkar,17478,,,2000,2020,,,X
267,,Private income and debt,Privateinkommen und private Schulden,,Gross earnings in total industry,Bruttoverdienst im Produzierenden Gewerbe,,Inkar,17479,,,2000,2020,,,X
268,,Private income and debt,Privateinkommen und private Schulden,,Retail purchasing power,Einzelhandelsrelevante Kaufkraft,,Inkar,10786,,,2015,2020,,X,X
269,,Private income and debt,Privateinkommen und private Schulden,,High-income households,Haushalte mit hohem Einkommen,,Inkar,18388,,,2013,2020,,X,X
270,,Private income and debt,Privateinkommen und private Schulden,,Medium-income households,Haushalte mit mittlerem Einkommen,,Inkar,18387,,,2013,2020,,X,X
271,,Private income and debt,Privateinkommen und private Schulden,,Low-income households,Haushalte mit niedrigem Einkommen,,Inkar,18386,,,2013,2020,,X,X
272,,Private income and debt,Privateinkommen und private Schulden,,Household income,Haushaltseinkommen,,Inkar,14709,,,2000,2019,,,X
273,,Private income and debt,Privateinkommen und private Schulden,,Purchasing power,Kaufkraft,,Inkar,17707,,,2013,2020,,X,X
274,,Private income and debt,Privateinkommen und private Schulden,,Median income,Medianeinkommen,,Inkar,17134,,,2014,2020,,,X
275,,Private income and debt,Privateinkommen und private Schulden,,Median income 25 to under 55 years of age,Medianeinkommen 25 bis unter 55-Jährige,,Inkar,17297,,,2014,2020,,,X
276,,Private income and debt,Privateinkommen und private Schulden,,Median income 55 to under 65,Medianeinkommen 55 bis unter 65-Jährige,,Inkar,17298,,,2014,2020,,,X
277,,Private income and debt,Privateinkommen und private Schulden,,Median income Women,Medianeinkommen Frauen,,Inkar,17295,,,2014,2020,,,X
278,,Private income and debt,Privateinkommen und private Schulden,,Median income Males,Medianeinkommen Männer,,Inkar,17296,,,2014,2020,,,X
279,,Private income and debt,Privateinkommen und private Schulden,,Median income of academic qualifications,Medianeinkommen akademischer Berufsabschluss,,Inkar,17300,,,2014,2020,,,X
280,,Private income and debt,Privateinkommen und private Schulden,,Median income of recognised professional qualifications,Medianeinkommen anerkannter Berufsabschluss,,Inkar,17299,,,2014,2020,,,X
281,,Private income and debt,Privateinkommen und private Schulden,,Debtor ratio,Schuldnerquote,,Inkar,17188,,,2004,2019,,,X
282,,Private income and debt,Privateinkommen und private Schulden,,Consumer insolvency procedures,Verbraucherinsolvenzverfahren,,Inkar,17166,,,2007,2020,,,X
283,,Private income and debt,Privateinkommen und private Schulden,,Consumer insolvency proceedings Creditor claims,Verbraucherinsolvenzverfahren Gläubigerforderungen,,Inkar,16011,,,2007,2020,,,X
284,,Means of spatial impact,Raumwirksame Mittel,,Labour Market Policy Aids of the BA for Labour (short term),Arbeitsmarktpolitische Hilfen der BA für Arbeit (kurzfristig),,Inkar,17183,,,2019,2020,,,X
285,,Means of spatial impact,Raumwirksame Mittel,,Labour market policy assistance from the BA for labour (long-term),Arbeitsmarktpolitische Hilfen der BA für Arbeit (langfristig),,Inkar,17176,,,2019,2020,,,X
286,,Means of spatial impact,Raumwirksame Mittel,,Direct support for projects (in the short term),Direkte Projektförderung (kurfristig),,Inkar,17184,,,2019,2020,,,X
287,,Means of spatial impact,Raumwirksame Mittel,,Direct project support (long term),Direkte Projektförderung (langfristig),,Inkar,17177,,,2019,2020,,,X
288,,Means of spatial impact,Raumwirksame Mittel,,"GRW, area of promotion of the commercial economy (short term)","GRW, Bereich Förderung der gewerblichen Wirtschaft (kurzfristig)",,Inkar,17178,,,2019,2020,,,X
289,,Means of spatial impact,Raumwirksame Mittel,,"GRW, area of promotion of the business economy (long term)","GRW, Bereich Förderung der gewerblichen Wirtschaft (langfristig)",,Inkar,17173,,,2019,2020,,,X
290,,Means of spatial impact,Raumwirksame Mittel,,"GRW, area of promotion of economic infrastructure (short term)","GRW, Bereich Förderung wirtschaftsnaher Infrastruktur (kurzfristig)",,Inkar,17180,,,2019,2020,,,X
291,,Means of spatial impact,Raumwirksame Mittel,,"GRW, area of promotion of economic infrastructure (long term)","GRW, Bereich Förderung wirtschaftsnaher Infrastruktur (langfristig)",,Inkar,17174,,,2019,2020,,,X
292,,Means of spatial impact,Raumwirksame Mittel,,Promotion of higher education (short term),Hochschulförderung (kurzfristig),,Inkar,17182,,,2019,2020,,,X
293,,Means of spatial impact,Raumwirksame Mittel,,Higher education (long term),Hochschulförderung (langfristig),,Inkar,17175,,,2019,2020,,,X
294,,Means of spatial impact,Raumwirksame Mittel,,Urban development (short term),Städtebauförderung (kurzfristig),,Inkar,17169,,,2019,2020,,,X
295,,Means of spatial impact,Raumwirksame Mittel,,Urban development (long term),Städtebauförderung (langfristig),,Inkar,17607,,,2019,2020,,,X
296,,SDG indicators for municipalities,SDG-Indikatoren für Kommunen,,Amount of waste,Abfallmenge,,Inkar,160400,,,2002,2020,,,X
297,,SDG indicators for municipalities,SDG-Indikatoren für Kommunen,,Replenishment,Aufstocker,,Inkar,160240,,,2007,2020,,,X
298,,SDG indicators for municipalities,SDG-Indikatoren für Kommunen,,Employees at the AO with an academic degree,Beschäftigte am AO mit akademischem Berufsabschluss,,Inkar,160260,,,2012,2020,,,X
299,,SDG indicators for municipalities,SDG-Indikatoren für Kommunen,,Employment rate,Beschäftigtenquote,,Inkar,160220,,,1997,2020,,X,X
300,,SDG indicators for municipalities,SDG-Indikatoren für Kommunen,,Employment rate Foreigners,Beschäftigtenquote Ausländer,,Inkar,160280,,,2011,2020,,,X
301,,SDG indicators for municipalities,SDG-Indikatoren für Kommunen,,Childcare rate,Betreuungsquote Kleinkinder,,Inkar,160150,,,2006,2020,,,X
302,,SDG indicators for municipalities,SDG-Indikatoren für Kommunen,,Broadband,Breitbandversorgung,,Inkar,160270,,,2017,2020,,X,X
303,,SDG indicators for municipalities,SDG-Indikatoren für Kommunen,,Gross domestic product per inhabitant,Bruttoinlandsprodukt je Einwohner,,Inkar,160200,,,2000,2020,,,X
304,,SDG indicators for municipalities,SDG-Indikatoren für Kommunen,,Naturalisations per foreigner,Einbürgerungen je Ausländer,,Inkar,160290,,,2015,2020,,,X
305,,SDG indicators for municipalities,SDG-Indikatoren für Kommunen,,Recipients of basic insurance in old age (old age poverty),Empfänger von Grundsicherung im Alter (Altersarmut),,Inkar,160030,,,2008,2019,,,X
306,,SDG indicators for municipalities,SDG-Indikatoren für Kommunen,,Recreational area per inhabitant,Erholungsfläche je Einwohner,,Inkar,160370,,,2016,2020,,X,X
307,,SDG indicators for municipalities,SDG-Indikatoren für Kommunen,,Manufactured residential buildings with renewable heating energy,Fertiggestellte Wohngebäude mit erneuerbarer Heizenergie,,Inkar,160380,,,2016,2020,,,X
308,,SDG indicators for municipalities,SDG-Indikatoren für Kommunen,,New land use,Flächenneuinanspruchnahme,,Inkar,160350,,,2017,2020,,X,X
309,,SDG indicators for municipalities,SDG-Indikatoren für Kommunen,,Share of women in city councils and district councils,Frauenanteil in Stadträten und Kreistagen,,Inkar,160190,,,2013,2019,,,X
310,,SDG indicators for municipalities,SDG-Indikatoren für Kommunen,,Integrative day care facilities,Integrative Kindertageseinrichtungen,,Inkar,160160,,,2007,2020,,,X
311,,SDG indicators for municipalities,SDG-Indikatoren für Kommunen,,Cash outflows,Kassenkredite,,Inkar,160420,,,2010,2020,,,X
312,,SDG indicators for municipalities,SDG-Indikatoren für Kommunen,,Child poverty,Kinderarmut,,Inkar,160020,,,2016,2020,,,X
313,,SDG indicators for municipalities,SDG-Indikatoren für Kommunen,,Hospital care,Krankenhausversorgung,,Inkar,160080,,,2004,2020,,,X
314,,SDG indicators for municipalities,SDG-Indikatoren für Kommunen,,Long-term unemployed,Langzeitarbeitslose,,Inkar,160210,,,1995,2020,,X,X
315,,SDG indicators for municipalities,SDG-Indikatoren für Kommunen,,Rental prices,Mietpreise,,Inkar,160250,,,2010,2021,,,X
316,,SDG indicators for municipalities,SDG-Indikatoren für Kommunen,,Nursing staff,Personal in Pflegediensten,,Inkar,160110,,,2009,2019,,,X
317,,SDG indicators for municipalities,SDG-Indikatoren für Kommunen,,Staff in nursing homes,Personal in Pflegeheimen,,Inkar,160100,,,2009,2019,,,X
318,,SDG indicators for municipalities,SDG-Indikatoren für Kommunen,,Nursing homes,Pflegeheimplätze,,Inkar,160120,,,2003,2019,,,X
319,,SDG indicators for municipalities,SDG-Indikatoren für Kommunen,,Passenger car density,Pkw-Dichte,,Inkar,160320,,,1995,2020,,,X
320,,SDG indicators for municipalities,SDG-Indikatoren für Kommunen,,Rate of older employees,Quote ältere Beschäftigte,,Inkar,160230,,,2005,2020,,,X
321,,SDG indicators for municipalities,SDG-Indikatoren für Kommunen,,SGB II/SGB XII ratio,SGB II-/SGB XII-Quote,,Inkar,160010,,,2014,2019,,,X
322,,SDG indicators for municipalities,SDG-Indikatoren für Kommunen,,School leavers without qualifications,Schulabgänger ohne Abschluss,,Inkar,160140,,,1995,2020,,,X
323,,SDG indicators for municipalities,SDG-Indikatoren für Kommunen,,Urban and transport area,Siedlungs- und Verkehrsfläche,,Inkar,160340,,,2016,2020,,X,X
324,,SDG indicators for municipalities,SDG-Indikatoren für Kommunen,,Urban and transport area per inhabitant,Siedlungs- und Verkehrsfläche je Einwohner,,Inkar,160360,,,2016,2020,,X,X
325,,SDG indicators for municipalities,SDG-Indikatoren für Kommunen,,Tax revenue,Steuereinnahmen,,Inkar,160410,,,1995,2019,,X,X
326,,SDG indicators for municipalities,SDG-Indikatoren für Kommunen,,Nitrogen surplus,Stickstoffüberschuss,,Inkar,160040,,,1996,2018,,,X
327,,SDG indicators for municipalities,SDG-Indikatoren für Kommunen,,Drinking water consumption,Trinkwasserverbrauch,,Inkar,160390,,,1998,2019,,,X
328,,SDG indicators for municipalities,SDG-Indikatoren für Kommunen,,Difference in earnings between women and men,Verdienstabstand zwischen Frauen und Männern,,Inkar,160180,,,2014,2020,,,X
329,,SDG indicators for municipalities,SDG-Indikatoren für Kommunen,,Ratio of female employment rate to male employment rate,Verhältnis der Beschäftigungsquote von Frauen zu Männern,,Inkar,160170,,,1997,2020,,X,X
330,,SDG indicators for municipalities,SDG-Indikatoren für Kommunen,,Road accidents,Verunglückte im Straßenverkehr,,Inkar,160330,,,1995,2020,,X,X
331,,SDG indicators for municipalities,SDG-Indikatoren für Kommunen,,Premature mortality women,Vorzeitige Sterblichkeit Frauen,,Inkar,160050,,,2011,2017,,,X
332,,SDG indicators for municipalities,SDG-Indikatoren für Kommunen,,Premature mortality men,Vorzeitige Sterblichkeit Männer,,Inkar,160060,,,2011,2017,,,X
333,,SDG indicators for municipalities,SDG-Indikatoren für Kommunen,,Living space,Wohnfläche,,Inkar,160300,,,2011,2020,,,X
334,,SDG indicators for municipalities,SDG-Indikatoren für Kommunen,,Home-based basic care pharmacy,Wohnungsnahe Grundversorgung Apotheke,,Inkar,160090,,,2021,2021,,X,X
335,,SDG indicators for municipalities,SDG-Indikatoren für Kommunen,,Basic housing services Primary school,Wohnungsnahe Grundversorgung Grundschule,,Inkar,160130,,,2018,2018,,X,X
336,,SDG indicators for municipalities,SDG-Indikatoren für Kommunen,,Housing-related basic care general practitioner,Wohnungsnahe Grundversorgung Hausarzt,,Inkar,160070,,,2021,2021,,X,X
337,,SDG indicators for municipalities,SDG-Indikatoren für Kommunen,,Housing-related basic supply supermarket,Wohnungsnahe Grundversorgung Supermarkt,,Inkar,160310,,,2021,2021,,X,X
338,,Settlement structure,Siedlungsstruktur,,Population in Central Centres,Bevölkerung in Mittelzentren,,Inkar,17330,,,2019,2020,,X,X
339,,Settlement structure,Siedlungsstruktur,,Population in upper centres,Bevölkerung in Oberzentren,,Inkar,17331,,,2019,2020,,X,X
340,,Settlement structure,Siedlungsstruktur,,Population-workplace density,Einwohner-Arbeitsplatz-Dichte,,Inkar,17332,,,2000,2020,,X,X
341,,Settlement structure,Siedlungsstruktur,,Population density,Einwohnerdichte,,Inkar,17186,,,1996,2020,,X,X
342,,Settlement structure,Siedlungsstruktur,,Rurality,Ländlichkeit,,Inkar,17329,,,2019,2020,,X,X
343,,Settlement structure,Siedlungsstruktur,,Regional population potential,Regionales Bevölkerungspotenzial,,Inkar,17726,,,2008,2019,,X,X
344,,Social benefits,Sozialleistungen,,ALG I benefits,ALG I-Leistungen,,Inkar,2633,,,2006,2020,,,X
345,,Social benefits,Sozialleistungen,,ALG I benefits Women,ALG I-Leistungen Frauen,,Inkar,2639,,,2006,2020,,,X
346,,Social benefits,Sozialleistungen,,ALG I benefits Males,ALG I-Leistungen Männer,,Inkar,2636,,,2006,2020,,,X
347,,Social benefits,Sozialleistungen,,ALG II benefits (height),ALG II-Leistungen (Höhe),,Inkar,17407,,,2008,2020,,,X
348,,Social benefits,Sozialleistungen,,ALG II benefits to SGBII,ALG II-Leistungen an SGBII,,Inkar,17408,,,2008,2020,,,X
349,,Social benefits,Sozialleistungen,,Lone parents working eligible for benefit,Alleinerziehende erwerbsfähige Leistungsberechtigte,,Inkar,14437,,,2007,2020,,,X
350,,Social benefits,Sozialleistungen,,Asylum seekers,Asylbewerber,,Inkar,14443,,,2010,2020,,,X
351,,Social benefits,Sozialleistungen,,Needs communities with children,Bedarfsgemeinschaften mit Kindern,,Inkar,14430,,,2007,2020,,,X
352,,Social benefits,Sozialleistungen,,One-person communities,Einpersonen-Bedarfsgemeinschaften,,Inkar,14428,,,2007,2020,,,X
353,,Social benefits,Sozialleistungen,,Parental allowance recipients (mothers),Elterngeldbezieher (Mütter),,Inkar,14468,,,2017,2018,,,X
354,,Social benefits,Sozialleistungen,,Parental allowance recipients (fathers),Elterngeldbezieher (Väter),,Inkar,14467,,,2017,2018,,,X
355,,Social benefits,Sozialleistungen,,Parental allowance recipients (fathers) in the first year of life,Elterngeldbezieher (Väter) im ersten Lebensjahr,,Inkar,14466,,,2017,2018,,,X
356,,Social benefits,Sozialleistungen,,Recipients of basic insurance in old age (old age poverty),Empfänger von Grundsicherung im Alter (Altersarmut),,Inkar,18328,,,2008,2019,,,X
357,,Social benefits,Sozialleistungen,,Beneficiaries of minimum guarantees,Empfänger von Mindestsicherungen,,Inkar,14694,,,2011,2019,,,X
358,,Social benefits,Sozialleistungen,,Eligible beneficiaries,Erwerbsfähige Leistungsberechtigte,,Inkar,14434,,,2007,2020,,,X
359,,Social benefits,Sozialleistungen,,Eligible beneficiaries (women),Erwerbsfähige Leistungsberechtigte (Frauen),,Inkar,14435,,,2007,2020,,,X
360,,Social benefits,Sozialleistungen,,Large communities of needs,Große Bedarfsgemeinschaften,,Inkar,14429,,,2007,2020,,,X
361,,Social benefits,Sozialleistungen,,Young eligible beneficiaries,Junge erwerbsfähige Leistungsberechtigte,,Inkar,14436,,,2007,2020,,,X
362,,Social benefits,Sozialleistungen,,Child poverty,Kinderarmut,,Inkar,14439,,,2016,2020,,,X
363,,Social benefits,Sozialleistungen,,Accommodation services (height),Leistungen für Unterkunft (Höhe),,Inkar,17409,,,2008,2020,,,X
364,,Social benefits,Sozialleistungen,,Services for accommodation at SGBII,Leistungen für Unterkunft an SGBII,,Inkar,17410,,,2008,2020,,,X
365,,Social benefits,Sozialleistungen,,Housing benefits,Leistungen für Wohngeld,,Inkar,17411,,,2016,2020,,,X
366,,Social benefits,Sozialleistungen,,Male recipients of basic insurance in old age (age poverty),Männliche Empfänger von Grundsicherung im Alter (Altersarmut),,Inkar,16986,,,2008,2019,,,X
367,,Social benefits,Sozialleistungen,,Persons in need communities,Personen in Bedarfsgemeinschaften,,Inkar,14438,,,2007,2020,,,X
368,,Social benefits,Sozialleistungen,,SGB II - Quota,SGB II - Quote,,Inkar,14426,,,2010,2020,,,X
369,,Social benefits,Sozialleistungen,,SGBII benefits,SGBII-Leistungen,,Inkar,17406,,,2008,2020,,,X
370,,Social benefits,Sozialleistungen,,Female recipients of basic insurance in old age (age poverty),Weibliche Empfänger von Grundsicherung im Alter (Altersarmut),,Inkar,16967,,,2008,2019,,,X
371,,Social benefits,Sozialleistungen,,Female SGB II recipients,Weibliche SGB II-Empfänger,,Inkar,16988,,,2010,2020,,,X
372,,Social benefits,Sozialleistungen,,Housing benefit households,Wohngeldhaushalte,,Inkar,14444,,,2013,2020,,,X
373,,Social benefits,Sozialleistungen,,Housing benefit households (burden subsidy),Wohngeldhaushalte (Lastenzuschuss),,Inkar,14446,,,1995,2020,,,X
374,,Social benefits,Sozialleistungen,,Housing benefit households (rental grant),Wohngeldhaushalte (Mietzuschuss),,Inkar,14445,,,1995,2020,,,X
375,,Social benefits,Sozialleistungen,,Older eligible beneficiaries,Ältere erwerbsfähige Leistungsberechtigte,,Inkar,16966,,,2007,2020,,,X
376,,Transport and accessibility,Verkehr und Erreichbarkeit,,Disembarkation,Auspendler,,Inkar,17309,,,1997,2020,,X,X
377,,Transport and accessibility,Verkehr und Erreichbarkeit,,Dispensers,Einpendler,,Inkar,17308,,,1997,2020,,X,X
378,,Transport and accessibility,Verkehr und Erreichbarkeit,,Access to motorways,Erreichbarkeit von Autobahnen,,Inkar,18806,,,2021,2021,,X,X
379,,Transport and accessibility,Verkehr und Erreichbarkeit,,Access to airports,Erreichbarkeit von Flughäfen,,Inkar,18807,,,2021,2021,,X,X
380,,Transport and accessibility,Verkehr und Erreichbarkeit,,Access to IC/EC/ICE stations,Erreichbarkeit von IC/EC/ICE-Bahnhöfen,,Inkar,18808,,,2021,2021,,X,X
381,,Transport and accessibility,Verkehr und Erreichbarkeit,,Access to centres,Erreichbarkeit von Mittelzentren,,Inkar,18810,,,2021,2021,,X,X
382,,Transport and accessibility,Verkehr und Erreichbarkeit,,Access to Upper Centres,Erreichbarkeit von Oberzentren,,Inkar,18811,,,2021,2021,,X,X
383,,Transport and accessibility,Verkehr und Erreichbarkeit,,Killed in Road Transport,Getötete im Straßenverkehr,,Inkar,16606,,,1995,2020,,X,X
384,,Transport and accessibility,Verkehr und Erreichbarkeit,,Charging points per 100 electric vehicles (BEV),Ladepunkte je 100 Elektrofahrzeuge (BEV),,Inkar,17970,,,2020,2021,,,X
385,,Transport and accessibility,Verkehr und Erreichbarkeit,,"Charging points per 100,000 inhabitants",Ladepunkte je 100.000 Einwohner,,Inkar,17962,,,2017,2021,,,X
386,,Transport and accessibility,Verkehr und Erreichbarkeit,,Proximity Pharmacy Proportion of Bev. 1km radius,Nahversorgung Apotheken Anteil der Bev. 1km Radius,,Inkar,7792,,,2021,2021,,X,X
387,,Transport and accessibility,Verkehr und Erreichbarkeit,,Local supply Pharmacies Average distance,Nahversorgung Apotheken Durchschnittsdistanz,,Inkar,6328,,,2021,2021,,X,X
388,,Transport and accessibility,Verkehr und Erreichbarkeit,,Local care Primary schools Share of Bev. 1km radius,Nahversorgung Grundschulen Anteil der Bev. 1km Radius,,Inkar,7789,,,2021,2021,,X,X
389,,Transport and accessibility,Verkehr und Erreichbarkeit,,Local services Primary schools Average distance,Nahversorgung Grundschulen Durchschnittsdistanz,,Inkar,6329,,,2021,2021,,X,X
390,,Transport and accessibility,Verkehr und Erreichbarkeit,,Close-up stops of the public transport share of the Bev. 1km radius,Nahversorgung Haltestellen des ÖV Anteil der Bev. 1km Radius,,Inkar,8753,,,2020,2020,,X,X
391,,Transport and accessibility,Verkehr und Erreichbarkeit,,Close-up bus stops of the ÖV average distance,Nahversorgung Haltestellen des ÖV Durchschnittsdistanz,,Inkar,8750,,,2020,2020,,X,X
392,,Transport and accessibility,Verkehr und Erreichbarkeit,,Local supply supermarkets share of Bev. 1km radius,Nahversorgung Supermärkte Anteil der Bev. 1km Radius,,Inkar,7786,,,2021,2021,,X,X
393,,Transport and accessibility,Verkehr und Erreichbarkeit,,Local services Supermarkets Average distance,Nahversorgung Supermärkte Durchschnittsdistanz,,Inkar,6326,,,2021,2021,,X,X
394,,Transport and accessibility,Verkehr und Erreichbarkeit,,Commuter with work path 150 km and more,Pendler mit Arbeitsweg 150 km und mehr,,Inkar,17462,,,2013,2019,,X,X
395,,Transport and accessibility,Verkehr und Erreichbarkeit,,Commuter with work path 300 km and more,Pendler mit Arbeitsweg 300 km und mehr,,Inkar,17463,,,2013,2019,,X,X
396,,Transport and accessibility,Verkehr und Erreichbarkeit,,Commuter with work path 50 km and more,Pendler mit Arbeitsweg 50 km und mehr,,Inkar,17261,,,2013,2019,,X,X
397,,Transport and accessibility,Verkehr und Erreichbarkeit,,Commuter balance,Pendlersaldo,,Inkar,17606,,,1997,2020,,X,X
398,,Transport and accessibility,Verkehr und Erreichbarkeit,,Car Petrol,Pkw Benzin,,Inkar,17989,,,2020,2021,,,X
399,,Transport and accessibility,Verkehr und Erreichbarkeit,,Passenger car diesel,Pkw Diesel,,Inkar,17986,,,2020,2021,,,X
400,,Transport and accessibility,Verkehr und Erreichbarkeit,,Electric passenger car (BEV),Pkw Elektro (BEV),,Inkar,17972,,,2020,2021,,,X
401,,Transport and accessibility,Verkehr und Erreichbarkeit,,Passenger car gas,Pkw Gas,,Inkar,17990,,,2020,2021,,,X
402,,Transport and accessibility,Verkehr und Erreichbarkeit,,Total passenger car hybrid,Pkw Hybrid insgesamt,,Inkar,17987,,,2020,2021,,,X
403,,Transport and accessibility,Verkehr und Erreichbarkeit,,Passenger car Plug-in hybrid (PHEV),Pkw Plug-In-Hybrid (PHEV),,Inkar,17988,,,2020,2021,,,X
404,,Transport and accessibility,Verkehr und Erreichbarkeit,,Passenger car density,Pkw-Dichte,,Inkar,16566,,,1995,2020,,,X
405,,Transport and accessibility,Verkehr und Erreichbarkeit,,Road accidents,Straßenverkehrsunfälle,,Inkar,16567,,,1995,2020,,X,X
406,,Transport and accessibility,Verkehr und Erreichbarkeit,,Road accidents,Verunglückte im Straßenverkehr,,Inkar,16586,,,1995,2020,,X,X
407,,Economy,Wirtschaft,,Share of gross value added in primary sector,Anteil Bruttowertschöpfung Primärer Sektor,,Inkar,17030,,,2000,2020,,,X
408,,Economy,Wirtschaft,,Share of gross value added in secondary sector,Anteil Bruttowertschöpfung Sekundärer Sektor,,Inkar,17031,,,2000,2020,,,X
409,,Economy,Wirtschaft,,Share of gross value added Tertiary sector,Anteil Bruttowertschöpfung Tertiärer Sektor,,Inkar,17032,,,2000,2020,,,X
410,,Economy,Wirtschaft,,Turnover abroad in mining and manufacturing,Auslandsumsatz im Bergbau u. Verarb. Gewerbe,,Inkar,17171,,,2009,2020,,,X
411,,Economy,Wirtschaft,,Foreign guests in accommodation establishments,Ausländische Gäste in Beherbergungsbetrieben,,Inkar,16550,,,2007,2020,,,X
412,,Economy,Wirtschaft,,Gross domestic product per inhabitant,Bruttoinlandsprodukt je Einwohner,,Inkar,15125,,,2000,2020,,,X
413,,Economy,Wirtschaft,,Gross domestic product per person employed,Bruttoinlandsprodukt je Erwerbstätigen,,Inkar,14708,,,2000,2020,,,X
414,,Economy,Wirtschaft,,Gross value added per person employed,Bruttowertschöpfung je Erwerbstätigen,,Inkar,15126,,,2000,2020,,,X
415,,Economy,Wirtschaft,,Gross value added per person employed Primary sector,Bruttowertschöpfung je Erwerbstätigen Primärer Sektor,,Inkar,15380,,,2000,2020,,,X
416,,Economy,Wirtschaft,,Gross value added per person employed Secondary sector,Bruttowertschöpfung je Erwerbstätigen Sekundärer Sektor,,Inkar,15381,,,2000,2020,,,X
417,,Economy,Wirtschaft,,Gross value added per person employed Tertiary sector,Bruttowertschöpfung je Erwerbstätigen Tertiärer Sektor,,Inkar,15382,,,2000,2020,,,X
418,,Economy,Wirtschaft,,Large enterprises,Großunternehmen,,Inkar,15513,,,2006,2020,,,X
419,,Economy,Wirtschaft,,Nights spent in accommodation establishments,Gästeübernachtungen in Beherbergungsbetrieben,,Inkar,16549,,,1995,2020,,X,X
420,,Economy,Wirtschaft,,Investments in mining and manufacturing,Investitionen im Bergbau und Verarb. Gewerbe,,Inkar,17172,,,2009,2019,,,X
421,,Economy,Wirtschaft,,Small enterprises,Kleinbetriebe,,Inkar,15511,,,2006,2020,,,X
422,,Economy,Wirtschaft,,Micro-enterprises,Kleinstbetriebe,,Inkar,17028,,,2006,2020,,,X
423,,Economy,Wirtschaft,,Medium-sized enterprises,Mittlere Unternehmen,,Inkar,15512,,,2006,2020,,,X
424,,Economy,Wirtschaft,,Sleeping facilities in accommodation establishments,Schlafgelegenheiten in Beherbergungsbetrieben,,Inkar,16548,,,2008,2020,,X,X
425,,Economy,Wirtschaft,,Turnover Capital goods,Umsatz Bauhauptgewerbe,,Inkar,17088,,,1995,2019,,,X
426,x,Economy,Wirtschaft,,Turnover in mining and manufacturing,Umsatz im Bergbau u. Verarb. Gewerbe,,Inkar,17170,,,2009,2020,,,X
427,,Economy,Wirtschaft,,Turnover in crafts,Umsatz im Handwerk,,Inkar,17055,,,2010,2018,,,X
428,,Economy,Wirtschaft,,Business insolvencies,Unternehmensinsolvenzen,,Inkar,17255,,,2007,2020,,,X
429,,Economy,Wirtschaft,,Corporate defaults Creditor claims,Unternehmensinsolvenzen Gläubigerforderungen,,Inkar,17993,,,2007,2020,,,X
430,,Economy,Wirtschaft,,Duration of stay in accommodation establishments,Verweildauer in Beherbergungsbetrieben,,Inkar,16551,,,1995,2020,,X,X
431,,Central locations Monitoring,Zentrale Orte Monitoring,,General schools,Allgemeinbildende Schulen,,Inkar,156080,,,2018,2019,X,,
432,,Central locations Monitoring,Zentrale Orte Monitoring,,General education schools with a focus on support,Allgemeinbildende Schulen mit Förderschwerpunkt,,Inkar,156140,,,2018,2019,X,,
433,,Central locations Monitoring,Zentrale Orte Monitoring,,General practitioners,Allgemeinärzte,,Inkar,155140,,,2017,2020,X,,
434,,Central locations Monitoring,Zentrale Orte Monitoring,,Local Courts,Amtsgerichte,,Inkar,152120,,,2018,2020,X,,
435,,Central locations Monitoring,Zentrale Orte Monitoring,,Pharmacies,Apotheken,,Inkar,155100,,,2021,2021,X,,
436,,Central locations Monitoring,Zentrale Orte Monitoring,,Employment agencies,Arbeitsagenturen,,Inkar,152090,,,2021,2021,X,,
437,,Central locations Monitoring,Zentrale Orte Monitoring,,Unemployment,Arbeitslosigkeit,,Inkar,153100,,,2017,2020,X,,
438,,Central locations Monitoring,Zentrale Orte Monitoring,,Labour market management bodies,Arbeitsmarktverwaltungseinrichtungen,,Inkar,152070,,,2021,2021,X,,
439,,Central locations Monitoring,Zentrale Orte Monitoring,,Workplace centrality,Arbeitsplatzzentralität,,Inkar,153090,,,2017,2020,X,,
440,,Central locations Monitoring,Zentrale Orte Monitoring,,Rail departures,Bahn-Abfahrten,,Inkar,154100,,,2018,2020,X,,
441,,Central locations Monitoring,Zentrale Orte Monitoring,,Railway stop(s),Bahnhaltestellen,,Inkar,154020,,,2018,2020,X,,
442,,Central locations Monitoring,Zentrale Orte Monitoring,,Vocational schools,Berufsbildende Schulen,,Inkar,156170,,,2017,2019,X,,
443,,Central locations Monitoring,Zentrale Orte Monitoring,,Density of employees (AO),Beschäftigtendichte (AO),,Inkar,153030,,,2017,2020,X,,
444,x,Central locations Monitoring,Zentrale Orte Monitoring,,Density of employees (WO),Beschäftigtendichte (WO),,Inkar,153040,,,2017,2020,X,,
445,,Central locations Monitoring,Zentrale Orte Monitoring,,Population,Bevölkerung,,Inkar,151070,,,2017,2020,X,,
446,,Central locations Monitoring,Zentrale Orte Monitoring,,Population trends,Bevölkerungsentwicklung,,Inkar,151100,,,2017,2020,X,,
447,,Central locations Monitoring,Zentrale Orte Monitoring,,Libraries,Bibliotheken,,Inkar,156200,,,2017,2017,X,,
448,,Central locations Monitoring,Zentrale Orte Monitoring,,Library loans,Bibliotheksentleihungen,,Inkar,156240,,,2017,2017,X,,
449,,Central locations Monitoring,Zentrale Orte Monitoring,,Total floor area qkm,Bodenfläche gesamt qkm,,Inkar,151080,,,2017,2020,X,,
450,,Central locations Monitoring,Zentrale Orte Monitoring,,Broadband supply at 100 Mbit/s in %,Breitbandversorgung mit 100 Mbit/s in %,,Inkar,154210,,,2017,2020,X,,
451,,Central locations Monitoring,Zentrale Orte Monitoring,,Broadband supply at 1000 Mbit/s in %,Breitbandversorgung mit 1000 Mbit/s in %,,Inkar,154220,,,2020,2020,X,,
452,,Central locations Monitoring,Zentrale Orte Monitoring,,Broadband supply with 16 Mbit/s in %,Breitbandversorgung mit 16 Mbit/s in %,,Inkar,154190,,,2017,2017,X,,
453,,Central locations Monitoring,Zentrale Orte Monitoring,,Broadband supply with 50 Mbit/s in %,Breitbandversorgung mit 50 Mbit/s in %,,Inkar,154200,,,2017,2020,X,,
454,,Central locations Monitoring,Zentrale Orte Monitoring,,Broadband supply with at least 6 Mbit/s (4G-LTE) Mbit/s in %,Breitbandversorgung mit mind. 6 Mbit/s (4G-LTE) Mbit/s in %,,Inkar,154230,,,2020,2020,X,,
455,,Central locations Monitoring,Zentrale Orte Monitoring,,Bus departures,Bus-Abfahrten,,Inkar,154110,,,2018,2020,X,,
456,,Central locations Monitoring,Zentrale Orte Monitoring,,Bus stops,Bushaltestellen,,Inkar,154030,,,2018,2020,X,,
457,,Central locations Monitoring,Zentrale Orte Monitoring,,Inhabitants per doctor,Einwohner je Arzt,,Inkar,155120,,,2017,2020,X,,
458,,Central locations Monitoring,Zentrale Orte Monitoring,,Population density,Einwohnerdichte,,Inkar,151090,,,2017,2020,X,,
459,,Central locations Monitoring,Zentrale Orte Monitoring,,Accessible motorways,Erreichbarkeit Autobahnen,,Inkar,154140,,,2018,2021,X,,
460,,Central locations Monitoring,Zentrale Orte Monitoring,,Accessible airports,Erreichbarkeit Flughäfen,,Inkar,154150,,,2018,2021,X,,
461,,Central locations Monitoring,Zentrale Orte Monitoring,,Accessible KV terminal,Erreichbarkeit KV-Terminal,,Inkar,154160,,,2018,2021,X,,
462,,Central locations Monitoring,Zentrale Orte Monitoring,,Access to IC/EC/ICE stations,Erreichbarkeit von IC-/EC-/ICE-Bahnhöfen,,Inkar,154130,,,2018,2021,X,,
463,,Central locations Monitoring,Zentrale Orte Monitoring,,Access to centres,Erreichbarkeit von Mittelzentren,,Inkar,154170,,,2018,2021,X,,
464,,Central locations Monitoring,Zentrale Orte Monitoring,,Access to Upper Centres,Erreichbarkeit von Oberzentren,,Inkar,154180,,,2018,2021,X,,
465,,Central locations Monitoring,Zentrale Orte Monitoring,,Financial offices,Finanzämter,,Inkar,152030,,,2018,2018,X,,
466,,Central locations Monitoring,Zentrale Orte Monitoring,,Municipalities,Gemeindeverwaltungen,,Inkar,152010,,,2017,2019,X,,
467,,Central locations Monitoring,Zentrale Orte Monitoring,,Courts,Gerichte,,Inkar,152110,,,2018,2020,X,,
468,,Central locations Monitoring,Zentrale Orte Monitoring,,Primary schools,Grundschulen,,Inkar,156050,,,2018,2019,X,,
469,,Central locations Monitoring,Zentrale Orte Monitoring,,Family doctors,Hausärzte,,Inkar,155130,,,2017,2020,X,,
470,,Central locations Monitoring,Zentrale Orte Monitoring,,Total institutions,Hochschulen gesamt,,Inkar,156010,,,2017,2020,X,,
471,,Central locations Monitoring,Zentrale Orte Monitoring,,Highest level of hospital care,Höchste Versorgungsstufe der Krankenhäuser,,Inkar,155060,,,2019,2019,X,,
472,,Central locations Monitoring,Zentrale Orte Monitoring,,Internalists,Internisten,,Inkar,155150,,,2017,2020,X,,
473,,Central locations Monitoring,Zentrale Orte Monitoring,,Jobcenter,Jobcenter,,Inkar,152080,,,2021,2021,X,,
474,,Central locations Monitoring,Zentrale Orte Monitoring,,Pediatricians,Kinderärzte,,Inkar,155160,,,2017,2020,X,,
475,,Central locations Monitoring,Zentrale Orte Monitoring,,Cinemas,Kinos,,Inkar,156250,,,2017,2017,X,,
476,,Central locations Monitoring,Zentrale Orte Monitoring,,Cinema seats,Kinositzplätze,,Inkar,156270,,,2017,2017,X,,
477,,Central locations Monitoring,Zentrale Orte Monitoring,,Theatres,Kinosäle,,Inkar,156260,,,2017,2017,X,,
478,,Central locations Monitoring,Zentrale Orte Monitoring,,Hospital beds,Krankenhausbetten,,Inkar,155070,,,2019,2019,X,,
479,,Central locations Monitoring,Zentrale Orte Monitoring,,"Hospital beds per 1,000 inhabitants",Krankenhausbetten je 1.000 Einwohner,,Inkar,155080,,,2019,2019,X,,
480,,Central locations Monitoring,Zentrale Orte Monitoring,,Total hospitals,Krankenhäuser insgesamt,,Inkar,155010,,,2019,2019,X,,
481,,Central locations Monitoring,Zentrale Orte Monitoring,,Hospitals with basic care,Krankenhäuser mit Grundversorgung,,Inkar,155030,,,2019,2019,X,,
482,,Central locations Monitoring,Zentrale Orte Monitoring,,Hospitals with regular care,Krankenhäuser mit Regelversorgung,,Inkar,155040,,,2019,2019,X,,
483,,Central locations Monitoring,Zentrale Orte Monitoring,,Hospitals with priority care,Krankenhäuser mit Schwerpunktversorgung,,Inkar,155050,,,2019,2019,X,,
484,,Central locations Monitoring,Zentrale Orte Monitoring,,Hospitals under basic care,Krankenhäuser unter Grundversorgung,,Inkar,155020,,,2019,2019,X,,
485,,Central locations Monitoring,Zentrale Orte Monitoring,,County administrations,Kreisverwaltungen,,Inkar,152020,,,2017,2019,X,,
486,,Central locations Monitoring,Zentrale Orte Monitoring,,Regional Courts,Landgerichte,,Inkar,152140,,,2018,2020,X,,
487,,Central locations Monitoring,Zentrale Orte Monitoring,,Subsidiary of a local court,Nebenstelle eines Amtsgerichts,,Inkar,152130,,,2018,2020,X,,
488,,Central locations Monitoring,Zentrale Orte Monitoring,,Subsidiary of a regional court,Nebenstelle eines Landgerichts,,Inkar,152150,,,2018,2020,X,,
489,,Central locations Monitoring,Zentrale Orte Monitoring,,Subsidiary of an Oberlandesgericht,Nebenstelle eines Oberlandesgerichts,,Inkar,152170,,,2018,2020,X,,
490,,Central locations Monitoring,Zentrale Orte Monitoring,,Higher Regional Courts,Oberlandesgerichte,,Inkar,152160,,,2018,2020,X,,
491,,Central locations Monitoring,Zentrale Orte Monitoring,,Commuter balance,Pendlersaldo,,Inkar,153080,,,2017,2020,X,,
492,,Central locations Monitoring,Zentrale Orte Monitoring,,Police Departments,Polizeidienststellen,,Inkar,152040,,,2019,2019,X,,
493,,Central locations Monitoring,Zentrale Orte Monitoring,,"Police stations, continuously occupied","Polizeidienststellen, durchgehend besetzt",,Inkar,152060,,,2019,2019,X,,
494,,Central locations Monitoring,Zentrale Orte Monitoring,,"Police departments, partially occupied","Polizeidienststellen, teilweise besetzt",,Inkar,152050,,,2019,2019,X,,
495,,Central locations Monitoring,Zentrale Orte Monitoring,,Room type by location,Raumtyp nach Lage,,Inkar,151050,,,2020,2020,X,,
496,,Central locations Monitoring,Zentrale Orte Monitoring,,RegioStaR 17 - Regional statistical space type,RegioStaR 17 - Regionalstatistischer Raumtyp,,Inkar,151060,,,2020,2020,X,,
497,,Central locations Monitoring,Zentrale Orte Monitoring,,Pupils at primary schools,Schüler an Grundschulen,,Inkar,156060,,,2018,2019,X,,
498,,Central locations Monitoring,Zentrale Orte Monitoring,,"Pupils at primary schools per 1,000 inhabitants",Schüler an Grundschulen je 1.000 Einwohner,,Inkar,156070,,,2018,2019,X,,
499,,Central locations Monitoring,Zentrale Orte Monitoring,,Pupils in general education,Schüler an allgemeinbildenden Schulen,,Inkar,156090,,,2018,2019,X,,
500,,Central locations Monitoring,Zentrale Orte Monitoring,,"Pupils in general education schools per 1,000 inhabitants",Schüler an allgemeinbildenden Schulen je 1.000 Einwohner,,Inkar,156100,,,2018,2019,X,,
501,,Central locations Monitoring,Zentrale Orte Monitoring,,Pupils in general schools with a focus on education,Schüler an allgemeinbildenden Schulen mit Förderschwerpunkt,,Inkar,156150,,,2018,2019,X,,
502,,Central locations Monitoring,Zentrale Orte Monitoring,,"Pupils in general education schools with a priority of support per 1,000 inhabitants",Schüler an allgemeinbildenden Schulen mit Förderschwerpunkt je 1.000 Einwohner,,Inkar,156160,,,2018,2019,X,,
503,,Central locations Monitoring,Zentrale Orte Monitoring,,Pupils in vocational schools,Schüler an berufsbildenden Schulen,,Inkar,156180,,,2017,2019,X,,
504,,Central locations Monitoring,Zentrale Orte Monitoring,,"Pupils in vocational schools per 1,000 inhabitants",Schüler an berufsbildenden Schulen je 1.000 Einwohner,,Inkar,156190,,,2017,2019,X,,
505,,Central locations Monitoring,Zentrale Orte Monitoring,,Pupils in secondary schools,Schüler an weiterführenden Schulen,,Inkar,156120,,,2018,2019,X,,
506,,Central locations Monitoring,Zentrale Orte Monitoring,,"Pupils in secondary schools per 1,000 inhabitants",Schüler an weiterführenden Schulen je 1.000 Einwohner,,Inkar,156130,,,2018,2019,X,,
507,,Central locations Monitoring,Zentrale Orte Monitoring,,Urban and transport area,Siedlungs- und Verkehrsfläche,,Inkar,151110,,,2017,2020,X,,
508,,Central locations Monitoring,Zentrale Orte Monitoring,,Population density in km2,Siedlungsdichte in km²,,Inkar,151120,,,2017,2020,X,,
509,,Central locations Monitoring,Zentrale Orte Monitoring,,Other labour market administrations,Sonstige Arbeitsmarktverwaltungseinrichtungen,,Inkar,152100,,,2021,2021,X,,
510,,Central locations Monitoring,Zentrale Orte Monitoring,,Special libraries,Spezialbibliotheken,,Inkar,156230,,,2017,2017,X,,
511,,Central locations Monitoring,Zentrale Orte Monitoring,,City/municipality type,Stadt-/Gemeindetyp,,Inkar,151040,,,2020,2020,X,,
512,,Central locations Monitoring,Zentrale Orte Monitoring,,"Students at universities of applied sciences per 1,000 inhabitants",Studierende an Fachhochschulen je 1.000 Einwohner,,Inkar,156040,,,2017,2020,X,,
513,,Central locations Monitoring,Zentrale Orte Monitoring,,Students at higher education institutions,Studierende an Hochschulen,,Inkar,156020,,,2017,2020,X,,
514,,Central locations Monitoring,Zentrale Orte Monitoring,,"Students at higher education institutions per 1,000 inhabitants",Studierende an Hochschulen je 1.000 Einwohner,,Inkar,156030,,,2017,2020,X,,
515,,Central locations Monitoring,Zentrale Orte Monitoring,,Underground/Roadway Stops,U-/Strassenbahnhaltestellen,,Inkar,154040,,,2018,2020,X,,
516,,Central locations Monitoring,Zentrale Orte Monitoring,,Subway departures,U-/Straßenbahn-Abfahrten,,Inkar,154120,,,2018,2020,X,,
517,,Central locations Monitoring,Zentrale Orte Monitoring,,Secondary schools,Weiterführende Schulen,,Inkar,156110,,,2018,2019,X,,
518,,Central locations Monitoring,Zentrale Orte Monitoring,,Scientific libraries,Wissenschaftliche Bibliotheken,,Inkar,156220,,,2017,2017,X,,
519,,Central locations Monitoring,Zentrale Orte Monitoring,,Central status,Zentralörtlicher Status,,Inkar,151010,,,2020,2020,X,,
520,,Central locations Monitoring,Zentrale Orte Monitoring,,Central local status (differentiated),Zentralörtlicher Status (differenziert),,Inkar,151030,,,2020,2020,X,,
521,,Central locations Monitoring,Zentrale Orte Monitoring,,Central status (summary),Zentralörtlicher Status (zusammengefasst),,Inkar,151020,,,2020,2020,X,,
522,,Central locations Monitoring,Zentrale Orte Monitoring,,High-frequency railway stations,hochfrequentierte Bahnhaltestellen,,Inkar,154060,,,2020,2020,X,,
523,,Central locations Monitoring,Zentrale Orte Monitoring,,High-frequency bus stops,hochfrequentierte Bushaltestellen,,Inkar,154070,,,2020,2020,X,,
524,,Central locations Monitoring,Zentrale Orte Monitoring,,High-frequency U/Road Railway Stations,hochfrequentierte U-/Strassenbahnhaltestellen,,Inkar,154080,,,2020,2020,X,,
525,,Central locations Monitoring,Zentrale Orte Monitoring,,High-frequency public transport stops,hochfrequentierte ÖV-Haltestellen,,Inkar,154050,,,2020,2020,X,,
526,,Central locations Monitoring,Zentrale Orte Monitoring,,Employed persons liable to social security contributions,sozialversicherungspflichtig Beschäftigte Auspendler,,Inkar,153060,,,2017,2020,X,,
527,,Central locations Monitoring,Zentrale Orte Monitoring,,Employees of domestic commuters who are liable to social security contributions,sozialversicherungspflichtig Beschäftigte Binnenpendler,,Inkar,153070,,,2017,2020,X,,
528,,Central locations Monitoring,Zentrale Orte Monitoring,,Employees compulsorily liable to social insurance,sozialversicherungspflichtig Beschäftigte Einpendler,,Inkar,153050,,,2017,2020,X,,
529,,Central locations Monitoring,Zentrale Orte Monitoring,,Employees liable to social security contributions at the place of work,sozialversicherungspflichtig Beschäftigte am Arbeitsort,,Inkar,153010,,,2017,2020,X,,
530,,Central locations Monitoring,Zentrale Orte Monitoring,,Employees in the place of residence subject to social insurance,sozialversicherungspflichtig Beschäftigte am Wohnort,,Inkar,153020,,,2017,2020,X,,
531,,Central locations Monitoring,Zentrale Orte Monitoring,,Doctors,Ärzte,,Inkar,155110,,,2017,2020,X,,
532,,Central locations Monitoring,Zentrale Orte Monitoring,,Public transport departures,ÖV-Abfahrten,,Inkar,154090,,,2018,2020,X,,
533,,Central locations Monitoring,Zentrale Orte Monitoring,,Public transport stops,ÖV-Haltestellen,,Inkar,154010,,,2018,2020,X,,
534,,Central locations Monitoring,Zentrale Orte Monitoring,,Public libraries,Öffentliche Bibliotheken,,Inkar,156210,,,2017,2017,X,,
535,,Public finances,Öffentliche Finanzen,,Expenditure on investments in kind,Ausgaben für Sachinvestitionen,,Inkar,14929,,,2009,2020,,X,X
536,,Public finances,Öffentliche Finanzen,,Income tax,Einkommensteuer,,Inkar,14610,,,1995,2020,,X,X
537,,Public finances,Öffentliche Finanzen,,Trade tax,Gewerbesteuer,,Inkar,14611,,,1995,2020,,X,X
538,,Public finances,Öffentliche Finanzen,,Cash outflows,Kassenkredite,,Inkar,14927,,,2010,2020,,,X
539,,Public finances,Öffentliche Finanzen,,Local debt,Kommunale Schulden,,Inkar,14612,,,2010,2020,,,X
540,,Public finances,Öffentliche Finanzen,,Local government staff,Personal der Kommunen,,Inkar,14928,,,2006,2019,,,X
541,,Public finances,Öffentliche Finanzen,,Key allocations,Schlüsselzuweisungen,,Inkar,14926,,,1995,2020,,X,X
542,x,Public finances,Öffentliche Finanzen,,Tax payable by:,Steuerkraft,,Inkar,14586,,,1995,2019,,X,X
543,,Public finances,Öffentliche Finanzen,,Value added tax,Umsatzsteuer,,Inkar,14906,,,1995,2020,,X,X
544,,Public finances,Öffentliche Finanzen,,Allocations for investment support measures,Zuweisungen für Investitionsfördermaßnahmen,,Inkar,14930,,,2009,2020,,X,X
