Unnamed: 0,Unnamed: 1,INKAR 2022 – Indikatorenübersicht:   Sustainable Development Goals (SDG),Unnamed: 3,Unnamed: 4,Unnamed: 5,Unnamed: 6,Unnamed: 7,Unnamed: 8,Unnamed: 9,Unnamed: 10
,,,,,,,Kleinster Raumbezug,,Zeitreihe / Jahr / Entwicklung,
M_ID,ID,Kurzname,Name,Algorithmus,Anmerkungen,Statistische Grundlagen,Gem.-verb.,Kreise,Gem.verb.,Kreise
,,SDG-Indikatoren für Kommunen,,,,,,,,
16001,160010,SGB II-/SGB XII-Quote,Anteil Leistungsbeziehende nach SGB II und nach SGB XII je 1.000 Einwohner,(Empfänger von Leistungen nach SGB II + Empfänger von Leistungen nach SGB XII  <Zeitpunkt> )/ Einwohner <Zeitpunkt> x 1000,"Die SGB II-/SGB XII-Quote zeigt an, wie hoch die Hilfebedürftigkeit innerhalb einer Kommune ist. Schwerwiegend ist die Belastung für die Betroffenen selbst - sowohl in finanzieller als auch in psychischer Hinsicht. In einer nachhaltigen Kommune sollte es Ziel sein, dass allen Hilfsbedürftigen die notwendige Unterstützung zukommt und alles dafür getan wird, dass die betroffenen Personen wieder selbst für ihren Lebensunterhalt aufkommen können. Eine hohe Quote führt zu Einschränkungen beim finanziellen Handlungsspielraum der Kommune, aufgrund derer andere wichtige Ausgaben und Investitionen zurückgestellt werden müssen. Bei der Bezugsgröße Bevölkerung ist zu beachten, dass sich die Zahlen vor 2011 auf die Fortschreibung auf Basis der Volkszählung 1987 (BRD) und 1981 (DDR) und ab 2011 auf die Fortschreibung auf Basis des Zensus 2011 beziehen. Minimale Abweichungen der Indikatorwerte zu den Werten im ""Wegweiser Kommune""/SDG-Portal ergeben sich durch Datenhaltung und Anpassungen von Daten an Gebietsstände sowie die (Nicht-)Berücksichtigung von Rückrechnungen seitens der amtlichen Statistik.",Statistik der Emfänger von Hilfe zum Lebensunterhalt des Bundes und der Länder!. Statistik der Empfänger von Leistungen nach dem 5. bis 9. Kapitel SGB XII,,x,,2010-2020
16002,160020,Kinderarmut,Nicht erwerbsfähige Leistungsberechtigte unter 15 Jahren je 100 Einwohner unter 15 Jahren,(Nicht-erwerbsfähige Leistungsbeziehende unter 15 Jahre <Zeitpunkt> + Nichtleistungsberechtigte in Bedarfsgemeinschaften unter 15 Jahre <Zeitpunkt>)  / Einwohner unter 15 Jahren <Zeitpunkt> x 100,"Die Armutslage von Kindern steht immer in Abhängigkeit zur Armutslage von Erziehungsberechtigten. Besonders betroffen sind Kinder Alleinerziehender sowie aus Familien mit ausländischer Herkunft oder aus Familien mit vielen Kindern. Verschiedene Studien weisen darauf hin, dass die Kinderarmut zu einem Dauerzustand in Deutschland geworden ist. Arm zu sein bedeutet nicht nur, dass die Mittel zum physischen Überleben fehlen, Armut ist auch mit spezieller Diskriminierung und ungleicher Bildungs- und Teilhabechancen verbunden. Bei der Bezugsgröße Bevölkerung ist zu beachten, dass sich die Zahlen vor 2011 auf die Fortschreibung auf Basis der Volkszählung 1987 (BRD) und 1981 (DDR) und ab 2011 auf die Fortschreibung auf Basis des Zensus 2011 beziehen. Minimale Abweichungen der Indikatorwerte zu den Werten im ""Wegweiser Kommune""/SDG-Portal ergeben sich durch Datenhaltung und Anpassungen von Daten an Gebietsstände sowie die (Nicht-)Berücksichtigung von Rückrechnungen seitens der amtlichen Statistik.",Statistik der Grundsicherung für Arbeitsuchende der Bundesagentur für Arbeit,,x,,2016-2020
16003,160030,Empfänger von Grundsicherung im Alter (Altersarmut),Anteil der Bevölkerung mit Grundsicherung im Alter an den Einwohnern 65 Jahre und älter in %,Empfänger von Grundsicherung im Alter 65 Jahre und älter <Zeitpunkt> / E 65 Jahre und älter <Zeitpunkt> x 100,"Bei dieser Sozialleistung handelt es sich um eine nach dem 4. Kapitel SGB XII bedürftigkeitsabhängige Leistung, die älteren Menschen ab Vollendung des 65. Lebensjahres zur Sicherung ihres Lebensunterhalts dienen soll. In den nächsten Jahren muss mit zunehmender Altersarmut gerechnet werden, die auf Rentenreformen und auf die Entwicklung am Arbeitsmarkt zurückzuführen ist. Bei der Bezugsgröße Bevölkerung ist zu beachten, dass sich die Zahlen vor 2011 auf die Fortschreibung auf Basis der Volkszählung 1987 (BRD) und 1981 (DDR) und ab 2011 auf die Fortschreibung auf Basis des Zensus 2011 beziehen.",Empfänger von Grundsicherung im Alter und bei Erwerbsminderung,,x,,2008-2020
16004,160040,Stickstoffüberschuss,Überschuss der Sickstoff-Flächenbilanz der landwirtschaftlich genutzten Fläche in kg N /ha LN,(Überschuss der Stickstoff-Flächenbilanz in t <Zeitpunkt> + Überschuss der Stickstoff-Flächenbilanz in t <Zeitpunkt-1> + Überschuss der Stickstoff-Flächenbilanz in t <Zeitpunkt-2>) / 3 / Landwirtschaftliche Nutzfläche in ha <Zeitpunkt> x 1000,"Der Stickstoffüberschuss wird über die Modellrechnungen des Instituts für Ressourcenmanagement der Universität Gießen ermittelt. In die Berechnung fließen ein der Düngemitteleinsatz, der Eintrag aus der Luft, die Entnahme durch Erträge etc. Bei der Gesamt-Bilanz wird die Landwirtschaft als eine Einheit (der einzelne Betrieb ebenso wie die Landwirtschaft als volkswirtschaftlicher Sektor) betrachtet, die als Input Vorleistungen in Form von Mineraldünger, extern erzeugten Futtermitteln sowie weiteren Produkten bezieht und als Output pflanzliche und tierische Erzeugnisse vermarktet (Ernährung, industrielle Verarbeitung, Export). Der Überschuss einer Bilanzeinheit entspricht der Differenz zwischen dem N-Zufuhr und dem N-Entzug und charakterisiert die potenziellen Stickstoff-Verluste aus dieser Einheit. Wegen jährlicher Schwankungen wird das gleitende 3-Jahresmittel verwendet. Die jährlichen Schwankungen beruhen auf wechselnden Erträgen, z.T. aber auch auf Lagerbestandveränderungen von N-Mineraldünger, die nur rechnerisch im Einzeljahr stärkere Ausschläge des N-Überschuss verursachen, im Mittel mehrerer Jahre sich aber ausgleichen. Weitere Hinweise zur Methodik: Uwe Häußermann, Martin Bach, Laura Klement, Lutz Breuer (2019): Stickstoff-Flächenbilanzen für Deutschland mit Regionalgliederung Bundesländer und Kreise – Jahre 1995 bis 2017. Methodik, Ergebnisse und Minderungsmaßnahmen. Abschlussbericht. UBA-Text 131/2019, online unter www.umweltbundesamt.de/publikationen/stickstoff-flaechenbilanzen-fuer-deutschland",Institut für Ressourcenmanagement der Universität Gießen,,x,,1996-2018
16005,160050,Vorzeitige Sterblichkeit Frauen,Todesfälle von Frauen im Alter von unter 70 Jahren je 1.000 Frauen im Alter von unter 70 Jahren,Anzahl Todesfälle Frauen im Alter unter 70 Jahren <Zeitpunkt> / weibliche Einwohner unter 70 Jahre <Zeitpunkt> x 1000,"Vorzeitige Todesfälle können Anzeichen für massive Gesundheitsrisiken und Probleme im Gesundheitswesen sein. Die Wahrscheinlichkeit im Alter von unter 70 Jahren zu sterben, ist für Frauen signifikant geringer als für Männer. Neben einer oftmals gesünderen Lebensweise und einer generell höheren Bereitschaft zu Vorsorgeuntersuchungen, spielen hier auch Faktoren, wie die Berufswahl, welche hinsichtlich der physischen Belastung auch heute noch den traditionellen Rollenbildern entspricht, eine Rolle. Die vorzeitige Sterblichkeit von Frauen ist aufgrund der Häufigkeit der einzelnen Todesursachen eher von strukturellen Einflussfaktoren des Gesundheitswesens abhängig. Ziel einer nachhaltigen Kommune muss es sein, ein gesundes Leben für alle Menschen zu ermöglichen und die Fälle vorzeitiger Sterblichkeit jetzt und in Zukunft weiter zu senken (Prinzip der intergenerationellen Gerechtigkeit). In Kommunen kommen hier der gesundheitlichen Versorgung und Förderung gesundheitlicher Präventivmaßnahmen, die sowohl",Statistisk der Gestorbenen des Bundes und der Länder,,x,,2011-2017
16006,160060,Vorzeitige Sterblichkeit Männer,Todesfälle von Männern im Alter von unter 70 Jahren je 1.000 Männer im Alter von unter 70 Jahren,Anzahl Todesfälle Männer im Alter unter 70 Jahren <Zeitpunkt> / männliche Einwohner unter 70 Jahre <Zeitpunkt> x 1000,"Obwohl der Abstand in der Häufigkeit vorzeitiger Sterbefälle zwischen Männern und Frauen zurückgegangen ist, sterben mehr Männer als Frauen vor dem Erreichen des 70. Lebensjahres. Treten Todesfälle in einem Alter unter 70 Jahren gehäuft auf, so kann dies ein Anzeichen für massive Gesundheitsrisiken und Probleme im Gesundheitswesen sein. Für Männer sind hier Gesundheitsrisiken aufgrund eines ungesünderen Lebensstils hervorzuheben. Generelle Versorgungslagen im Gesundheitssystem haben – aufgrund einer verringerten Bereitschaft von Männern, die Angebote in Anspruch zu nehmen – nur geringen Einfluss. Da der Gesundheitszustand maßgeblich die Lebensqualität der Menschen beeinflusst, muss es Ziel einer nachhaltigen Kommune sein, ein gesundes Leben für alle Menschen zu ermöglichen und die Fälle vorzeitiger Sterblichkeit jetzt und in Zukunft weiter zu senken (Prinzip der intergenerationellen Gerechtigkeit). In Kommunen kommt hier der gesundheitlichen Versorgung und Förderung gesundheitlicher Präventivmaßnahmen, die sowohl die physische, als auch die psychische Gesundheit beinhaltet, und der erhöhten Sicherheit im Straßenverkehr eine besonders hohe Priorität zu. Des Weiteren können Kommunen im Austausch mit Wirtschaftsverbänden den Arbeitsschutz verbessern helfen Bei der Bezugsgröße Bevölkerung ist zu beachten, dass sich die Zahlen vor 2011 auf die Fortschreibung auf Basis der Volkszählung 1987 (BRD) und 1981 (DDR) und ab 2011 auf die Fortschreibung auf Basis des Zensus 2011 beziehen. Da die Statistischen Ämter des Bundes und der Länder das Verfahren zur faktischen Anonymisierung überarbeiten, stehen Daten für die Jahre 2018 und 2019 noch nicht zur Verfügung.",Statistisk der Gestorbenen des Bundes und der Länder,,x,,2011-2017
16007,160070,Wohnungsnahe Grundversorgung Hausarzt,Einwohnergewichtete Luftliniendistanz zum nächsten Hausarzt,Summe (Luftlinie vom Messgittermittelpunkt zur nächsten Hausarztadresse * Einwohnerzahlen am Messpunktgitter) / Einwohner des Raumaggregats,"Ein Arztbesuch mit möglichst wenig organisatorischem Aufwand ist nicht nur für Berufstätige und Familien mit Kindern eine enorme Entlastung, sondern gerade ältere Menschen mit eingeschränkter Mobilität profitieren von dieser Form der wohnungsnahen Gesundheitsgrundversorgung. Diese haben einen höheren Bedarf an regelmäßigen Arztbesuchen und meist keine Möglichkeit, um mit einem Pkw dorthin zu gelangen. Bei akuter Erkrankung ist die unkomplizierte und unmittelbare Erreichbarkeit des Hausarztes entlastend. Unabhängig von der Bedarfsplanungs-Richtlinie des Gemeinsamen Bundesausschusses (diese liegt für Hausärztinnen und Hausärzte bei einem Verhältnis von 1.617 Einwohner je Hausarzt im Einzugsbereich eines Mittelzentrums) hat die demographische und wirtschaftliche Struktur Einfluss auf die Versorgungsdichte mit Hausärztinnen und Hausärzte. Als Datengrundlage dienen adressgenaue Standortdaten von Infrastruktureinrichtungen sowie ein Messpunktgitter mit kleinräumig geschätzten Einwohnerzahlen im Abstand von 100m (bis Stand 2016: 250m). Bei der Luftlinienermittlung dienen Gewässerflächen des ATKIS Basis DLM als Barrieren. Ab Stand 2015 sind Brücken/Unterführungen (Straße) als Unterbrechungen der Barriere berücksichtigt. Die Luftlinien sind anhand der Einwohnerzahlen am Messpunktgitter auf Gemeinden und weitere Raumbezüge aggregiert (einwohnergewichtete Luftliniendistanz). Der Einwohneranteil im Nahbereich errechnet sich aus der Summe der Einwohnerzahlen im Messpunktgitter bei Distanzwerten bis max. 1000m im Verhältnis zur Gesamtbevölkerung der Gemeinde.","Laufende Raumbeobachtung des BBSR, Adressendiscount (2017), Wer-zu-Wem-Verlag (2015), Infas360 (Stand 2016 für Auswertungszeitraum 2017)Zensus 2011 (Stand 2011 für Auswertungszeitraum 2015)",x,,2021,2021
16008,160080,Krankenhausversorgung,Krankenhausbetten je 1000 Einwohner,Krankenhausbetten der Akutkrankenhäuser <Zeitpunkt> / E <Zeitpunkt> x 1000,"Eine bundesweit flächendeckende Krankenhausversorgung ist ein wesentliches Element der staatlichen Daseinsvorsorge. Eine adäquate Versorgung zu gewährleisten entspricht deshalb dem Prinzip der intragenerativen Generationengerechtigkeit. Zusätzlich sind mit steigender Entfernung zur stationären Gesundheitsversorgung Kosten verbunden. Bei der Bezugsgröße Bevölkerung ist zu beachten, dass sich die Zahlen vor 2011 auf die Fortschreibung auf Basis der Volkszählung 1987 (BRD) und 1981 (DDR) und ab 2011 auf die Fortschreibung auf Basis des Zensus 2011 beziehen. Im ""Wegweiser Kommune""/SDG-Portal werden die Krankenhausbetten je 100.000 Einwohner, hier in Übereinstimmung mit dem ZOM je 1.000 Einwohner ausgewiesen.",Krankenhausverzeichnis des Statistisches Bundesamtes,,x,,2004-2019
16009,160090,Wohnungsnahe Grundversorgung Apotheke,Einwohnergewichtete Luftliniendistanz zur nächsten Apotheke,Summe (Luftlinie vom Messgittermittelpunkt zur nächsten Apothekenadresse x Einwohnerzahlen am Messpunktgitter) / Einwohner des Raumaggregats,"Kurze Wege zu Apotheken sind ebenso wichtig wie die Nähe zum Hausarzt oder Krankenhaus. Dies gilt sowohl in akuten Krankheitssituationen, die meist mit einer stark eingeschränkten körperlichen Belastbarkeit verbunden sind, als auch im Allgemeinen, da die Versorgung mit Arzneimitteln ohne übermäßige Kosten realisierbar sein sollte. Eine umfassende Beratung und der möglichst flächendeckende Zugang zu Arzneimitteln für die gesamte Bevölkerung sind daher sicherzustellen. Die Wirtschaftlichkeit eines Apothekenstandortes ist jedoch abhängig von der demographischen Struktur einer Region, denn der Wettbewerb bei verschreibungspflichtigen Medikamenten wird aufgrund von verbindlichen Preisen nicht über den Preis, sondern über die Menge der verkauften Arzneimittel ausgetragen. Als Datengrundlage dienen adressgenaue Standortdaten von Infrastruktureinrichtungen sowie ein Messpunktgitter mit kleinräumig geschätzten Einwohnerzahlen im Abstand von 100m (bis Stand 2016: 250m). Bei der Luftlinienermittlung dienen Gewässerflächen des ATKIS Basis DLM als Barrieren. Ab Stand 2015 sind Brücken/Unterführungen (Straße) als Unterbrechungen der Barriere berücksichtigt. Die Luftlinien sind anhand der Einwohnerzahlen am Messpunktgitter auf Gemeinden und weitere Raumbezüge aggregiert (einwohnergewichtete Luftliniendistanz). Der Einwohneranteil im Nahbereich errechnet sich aus der Summe der Einwohnerzahlen im Messpunktgitter bei Distanzwerten bis max. 1000m im Verhältnis zur Gesamtbevölkerung der Gemeinde.","Laufende Raumbeobachtung des BBSR, Wer-zu-Wem-Verlag, Infas360 (Stand 2016 für Auswertungszeitraum 2017)Zensus 2011 (Stand 2011 für Auswertungszeitraum 2015)",x,,2021,2021
16010,160100,Personal in Pflegeheimen,Personal in Pflegeheimen je 10.000 stationär Pflegebedürftige ,Personal in Pflegeheimen <Zeitpunkt> / stationäre Pflegebedürftige <Zeitpunkt> x 10.000,"Die Sicherstellung einer flächendeckenden, bedarfsgerechten und gut erreichbaren stationären pflegerischen Versorgung auf hohem Niveau ist ein wesentlicher Teil der medizinischen Daseinsvorsorge. Pflegeheime stellen hierbei das Fundament der Versorgung für jene dar, welche nicht im familiären Umfeld versorgt werden können oder wollen. Angesichts der demografischen Entwicklung erhöht sich die Anzahl der Pflegebedürftigen und mit deren durchschnittlichem Alter auch das Maß an Pflegebedürftigkeit. Mehr Personal und bessere Arbeitsbedingungen in der Pflege sind letztlich ein Gewinn für die Patientinnen und Patienten, Angehörige und das Pflegepersonal. Eine Verbesserung des Pflegeschlüssels folgt aufgrund der weitreichenden Implikationen für Pflegende und Pflegebedürftige dem Prinzip der Generationengerechtigkeit. Bei der Bezugsgröße Bevölkerung ist zu beachten, dass sich die Zahlen vor 2011 auf die Fortschreibung auf Basis der Volkszählung 1987 (BRD) und 1981 (DDR) und ab 2011 auf die Fortschreibung auf Basis des Zensus 2011 beziehen.",Pflegestatistik des Bundes und der Länder,,x,,2003-2020
16011,160110,Personal in Pflegediensten,Personal in ambulanten Pflegediensten je 10.000 Einwohner,Personal in ambulanten Pflegediensten <Zeitpunkt> / E <Zeitpunkt> x 10.000,"Die Sicherstellung einer flächendeckenden, bedarfsgerechten und gut erreichbaren ambulanten pflegerischen Versorgung auf hohem Niveau ist ein wesentlicher Teil der medizinischen Daseinsvorsorge. So erlaubt die Inanspruchnahme ambulanter Pflegedienstleistungen eine Versorgung der Pflegebedürftigen in einem vertrauten Umfeld. Durch die Kombinationsleistung wird es Pflegebedürftigen in den Pflegegraden 2 bis 5 zudem ermöglicht, Pflegesachleistungen mit Pflegegeld zu kombinieren. Aufgrund des demografischen Wandels steigt die Nachfrage nach Gesundheitsdienstleistungen kontinuierlich an. Dies schlägt sich vor allem in der Nachfrage nach ambulanten Pflegeleistungen nieder. Mehr Personal und bessere Arbeitsbedingungen in der Pflege sind letztlich ein Gewinn für die Patientinnen und Patienten, Angehörige und das Pflegepersonal. Eine Verbesserung des Pflegeschlüssels folgt aufgrund der weitreichenden Implikationen für Pflegende und Pflegebedürftige dem Prinzip der Generationengerechtigkeit. Bei der Bezugsgröße Bevölkerung ist zu beachten, dass sich die Zahlen vor 2011 auf die Fortschreibung auf Basis der Volkszählung 1987 (BRD) und 1981 (DDR) und ab 2011 auf die Fortschreibung auf Basis des Zensus 2011 beziehen.",Pflegestatistik des Bundes und der Länder,,x,,2003-2020
16012,160120,Pflegeheimplätze,Verfügbare Plätze in Pflegeheimen je 10.000 Einwohner,Verfügbare stationäre Plätze in Pflegeheimen <Zeitpunkt> / E <Zeitpunkt> x 10.000,"Die Sicherstellung einer flächendeckenden, bedarfsgerechten und gut erreichbaren pflegerischen Versorgung auf hohem Niveau ist ein wesentlicher Teil der medizinischen Daseinsvorsorge. Der wohnortnahen Versorgung mit Pflegeheimplätzen fällt eine entscheidende Rolle zu. Für Pflegebedürftige und deren Angehörige ist der ohnehin schon signifikante Einschnitt durch das Verlassen des gewohnten Umfelds umso drastischer, wenn ein freier Pflegeheimplatz nicht in näherer Umgebung des gewohnten Lebensmittelpunktes zu finden ist. Der räumliche Aspekt hat dabei erheblichen Einfluss auf die ökonomische, ökologische und soziale Dimension der Nachhaltigkeit, da ein Besuch oder soziale Kontakte für die Pflegebedürftigen und deren soziales Umfeld unweigerlich mit Kosten verbunden sind. Zusätzlich folgt die ausreichende Versorgung mit stationären Pflegeheimplätzen dem Prinzip der Generationengerechtigkeit. Bei der Bezugsgröße Bevölkerung ist zu beachten, dass sich die Zahlen vor 2011 auf die Fortschreibung auf Basis der Volkszählung 1987 (BRD) und 1981 (DDR) und ab 2011 auf die Fortschreibung auf Basis des Zensus 2011 beziehen. Anders als im ""Wegweiser Kommune""/SDG-Portal werden die verfügbaren Pflegeheimplätze nicht nur auf die Einwohner von 65 Jahren und älter, sondern auf alle Einwohner bezogen, da eine Pflegebedürftigkeit nicht nur auf Grund des Alters vorliegen kann (vgl. Themenbereich Sozialleistungen). ",Pflegestatistik des Bundes und der Länder,,x,,2003-2020
16013,160130,Wohnungsnahe Grundversorgung Grundschule,Einwohnergewichtete Luftliniendistanz zur nächsten Grundschule,Summe (Luftlinie vom Messgittermittelpunkt zur nächsten Grundschuladresse x Einwohnerzahlen am Messpunktgitter) / Einwohner des Raumaggregats,"Die wohnortnahe Grundschule ist aufgrund rückläufiger Schülerzahlen insbesondere in ländlichen Gebieten immer häufiger von Schließung betroffen. Für junge Familien ist diese allerdings oft ein wichtiger Standortfaktor bei der Wahl eines Wohnortes. Ortschaften und Wohnquartiere ohne eine wohnortnahe Grundschule sind hier deutlich im Nachteil, d. h., wenn die Grundschule als zentrale Einrichtung fehlt, wird Abwanderung begünstigt. Da der Schulverkehr darüber hinaus eine wichtige Stütze des öffentlichen Personennahverkehrs (ÖPNV) ist, verschlechtert sich mit der Schließung von Schulen auch dieses Angebot. Im Ergebnis bedeutet dies längere Wege und eine höhere Abhängigkeit vom motorisierten Individualverkehr (MIV) für alle Bevölkerungsgruppen. Verkehrspsychologen und Polizei weisen zudem regelmäßig darauf hin, dass das Zurücklegen des Schulwegs zu Fuß für Kinder ein wichtiges Element der Verkehrserziehung darstellt. Als Datengrundlage dienen adressgenaue Standortdaten von Infrastruktureinrichtungen sowie ein Messpunktgitter mit kleinräumig geschätzten Einwohnerzahlen im Abstand von 100m (bis Stand 2016: 250m). Bei der Luftlinienermittlung dienen Gewässerflächen des ATKIS Basis DLM als Barrieren. Ab Stand 2015 sind Brücken/Unterführungen (Straße) als Unterbrechungen der Barriere berücksichtigt. Die Luftlinien sind anhand der Einwohnerzahlen am Messpunktgitter auf Gemeinden und weitere Raumbezüge aggregiert (einwohnergewichtete Luftliniendistanz). Der Einwohneranteil im Nahbereich errechnet sich aus der Summe der Einwohnerzahlen im Messpunktgitter bei Distanzwerten bis max. 1000m im Verhältnis zur Gesamtbevölkerung der Gemeinde.","Laufende Raumbeobachtung des BBSR, Schulverzeichnisse der Länder, POI Bund und eigene Recherchen (2017), Infas360 (Stand 2016 für Auswertungszeitraum 2017)Zensus 2011 (Stand 2011 für Auswertungszeitraum 2015)",x,,2018,2018
16014,160140,Schulabgänger ohne Abschluss,Anteil der Schulabgänger ohne Hauptschulabschluss an den Schulabgängern in %,Schulabgänger ohne Hauptschulabschluss <Zeitpunkt> / Schulabgänger <Zeitpunkt> x 100,"Als Schulabbrecher gelten solche Schulabgänger, die ihre Pflichtschulzeit beenden, ohne mindestens einen Hauptschulabschluss erworben zu haben. Ziel der Schulbildung ist es, Kinder und Jugendliche von ihrem Schuleintritt bis zu ihrem Abschluss zu begleiten und auf das Berufsleben vorzubereiten. Die deutsche Wirtschaft hat sich dahingehend gewandelt, dass Menschen ohne erfolgreichen Schul- und Berufsabschluss kaum Chancen auf dem Arbeitsmarkt haben. Mehr als die Hälfte aller Schulabgänger ohne Hauptschulabaschluss haben eine Förderschule besucht. Ziel der Kommunen und Schulträger muss es daher auch sein, möglichst vielen Schülerinnen und Schülern den Besuch einer regulären allgemeinbildenden Schule zu ermöglichen. Die Schulträgerschaft ist eine kommunale Pflichtaufgabe. Bildung ist für die Zukunftsfähigkeit einer Kommune somit ein weitreichendes Schlüsselthema. ",Statistik der allgemeinbildenden Schulen des Bundes und der Länder,,x,,1995-2020
16015,160150,Betreuungsquote Kleinkinder,Anteil der Kinder unter 3 Jahren in Kindertageseinrichtungen an den Kinder der entsprechenden Altersgruppe,Kinder < 3 Jahre in Tageseinrichtungen  <Zeitpunkt> / Kinder < 3 Jahre <Zeitpunkt> x 100,"Der Ausbau der Kinderbetreuung hat zum Ziel, die Bildungschancen der Kinder - unabhängig von Herkunft und Bildungsstand der Eltern - zu erhöhen. Gleichzeitig wird den Eltern die Chance auf eine Erwerbstätigkeit geboten, was ohne ein adäquates Betreuungsangebot nicht möglich wäre. Aus diesen Gründen besitzt die frühkindliche Bildung eine Schlüsselposition für die soziale Dimension (Bildung, Gleichberechtigung, Chancengleichheit, demografischer Wandel), wie auch für die ökonomische Dimension (finanzielle Situation der Eltern). Kommunen haben hier nicht nur eine Pflichtaufgabe, sondern vielfältige Gestaltungsmöglichkeiten, die allgemeine soziale Lage in ihrem Verantwortungsbereich zu beeinflussen. Bei der Bezugsgröße Bevölkerung ist zu beachten, dass sich die Zahlen vor 2011 auf die Fortschreibung auf Basis der Volkszählung 1987 (BRD) und 1981 (DDR) und ab 2011 auf die Fortschreibung auf Basis des Zensus 2011 beziehen. Es bestehen leichte Unterschiede zu den im „Wegweiser Kommune“/SDG-Portal der Bertelsmann-Stiftung veröffentlichten Werte, die auf die Zählung der Kinder in Tageseinrichtungen und Tagespflege sowie auf die Einbeziehung von rückgerechneten Bevölkerungsdaten seitens der amtlichen Statistik zurückzuführen sind.",Kindertagesbetreuung in Tageseinrichtungen und in öffentlich geförderter Kindertagespflege,,x,,2006-2020
16016,160160,Integrative Kindertageseinrichtungen,Anteil der integrativen Kindertageseinrichtungen an allen Kindertageseinrichtungen,Integrative Tageseinrichtungen <Zeitpunkt> / Kindertageseinrichtungen <Zeitpunkt> x 100,"In integrativen Kindertageseinrichtungen werden körperlich oder geistig behinderte Kinder mit nicht behinderten Kindern gemeinsam gefördert. Kleinere Gruppenstärken und ein höherer Betreuungsschlüssel ermöglichen hierbei die gezielte Förderung aller Kinder ohne Benachteiligungen. Zusätzlich gibt es oft Räumlichkeiten zur Durchführung von Therapien, womit Eltern und ihre Kinder entlastet werden, da keine zusätzlichen Therapiefahrten außerhalb des Betreuungszeitraums anfallen. Familien werden so in der ökonomischen, sozialen und indirekt auch in der ökologischen Dimension unterstützt – dies entspricht dem Prinzip der Ganzheitlichkeit. In den Gruppen der integrativen Kindertageseinrichtungen werden die Sozialkompetenzen aller Kinder gefördert. Integrative Kindertageseinrichtungen folgen dem Prinzip der intragenerativen Gerechtigkeit.",Kindertagesbetreuung in Tageseinrichtungen und in öffentlich geförderter Kindertagespflege,,x,,2007-2020
16017,160170,Verhältnis der Beschäftigungsquote von Frauen zu Männern,SV Beschäftigtenquote der Frauen am Wohnort je SV Beschäftigtenquote der Männer am Wohnort in %,(Sozialversicherungspflichtig beschäftigte Frauen am Wohnort <Zeitpunkt> / weibliche E 15 -< 65 Jahre <Zeitpunkt> ) / (Sozialversicherungspflichtig beschäftigte Männer am Wohnort <Zeitpunkt> / männliche E 15 -< 65 Jahre <Zeitpunkt> ) x 100 ,"Die Beschäftigungsquote ist ein Schlüsselindikator zur Beurteilung der Beschäftigungsstandards und -entwicklung. Der betrachtete Indikator setzt die Beschäftigtenquoten von Frauen und Männern ins Verhältnis und liefert auf diese Weise Informationen zur anteiligen Teilhabe von Frauen und Männern auf dem Arbeitsmarkt. Niedrige Beschäftigungsquoten von Frauen können dabei vielfältige Gründe haben (freiwillige Entscheidung, Fehlen kommunaler oder staatlicher Leistungen, Nicht-Anerkennung weiblicher Arbeitskraft, wertbegründete, gesellschaftliche Zuweisung von Verantwortlichkeiten zwischen produktiver und reproduktiver Arbeit zwischen den Geschlechtern). Bei der Bezugsgröße Bevölkerung ist zu beachten, dass sich die Zahlen vor 2011 auf die Fortschreibung auf Basis der Volkszählung 1987 (BRD) und 1981 (DDR) und ab 2011 auf die Fortschreibung auf Basis des Zensus 2011 beziehen. Es bestehen leichte Unterschiede zu den im „Wegweiser Kommune“/SDG-Portal der Bertelsmann-Stiftung veröffentlichten Werte, die sich aus dem unterschiedlichen Umgang mit Gebietsumrechnungen und Rückrechnungen der Bevölkerungsdaten nach Altersgruppen der amtlichen Statistik ergeben.",Beschäftigtenstatistik der Bundesagentur für Arbeit,x,,2003-2020,2003-2020
16018,160180,Verdienstabstand zwischen Frauen und Männern,Bruttomonatsentgelt einer vollzeitbeschäftigten Frau zu Bruttomonatsentgelt eines vollzeitbeschäftigten Mannes,Bruttomonatsentgeld einer weiblichen Vollzeitbeschäftigten <Zeitpunkt> / Bruttomonatsentgeld eines männlichen Vollzeitbeschäftigten <Zeitpunkt> x 100,"Noch immer existieren signifikante Einkommensunterschiede zwischen weiblichen und männlichen Arbeitnehmern. Diese Unterschiede sind z.T. auf die Wahl unterschiedlicher Berufe, den Aufstieg in den unterschiedlich vergüteten Hierarchiegruppen, der Berücksictigung von Berufserfahrung - ein familienbedingter, befristeter Ausstieg wirkt sich negativ auf die Einkommen aus - zurückzuführen. Zum anderen werden Frauen trotz Diskriminierungsverbots für gleichwertige Arbeit niedriger entlohnt. Bei der Betrachtung des Medianeinkommens werden lediglich Informationen vollzeitbeschäftigter Frauen und Männer herangezogen, informelle und Teilzeitbeschäftigungsverhältnisse werden nicht berücksichtigt. Dies ist vor allem dann problematisch, wenn systematische Unterschiede zwischen Frauen und Männern auf dem Arbeitsmarkt bestehen.",Statistik der Bundesagentur für Arbeit,,x,,2014-2020
16019,160190,Frauenanteil in Stadträten und Kreistagen,Anzahl Frauen mit Mandaten in Stadträten und Kreistagen an allen Mandaten in %,Anzahl Frauen mit Mandaten in Stadträten und Kreistagen <Zeitpunkt> / Anzahl Mandate in Stadträten und Kreistagen <Zeitpunkt> x 100,"Eine höhere Repräsentation von Frauen in öffentlichen Ämtern führt zu einer höheren Berücksichtigung der Interessen von Frauen in den Entscheidungen durch die Mandatsträger. Aus Sicht der intragenerationellen Gerechtigkeit ist eine möglichst paritätische Repräsentation von Frauen und Männern in öffentlichen Mandaten geboten. Der Frauenanteil in Führungspositionen in der Privatwirtschaft, im öffentlichen Dienst und in öffentlichen Ämtern ist trotz massiver Bestrebungen seit Jahren unverändert niedrig. Auf kommunaler Ebene kann ein aktiver Beitrag dazu geleistet werden, damit dieses Missverhältnis abgemildert wird. So können die politischen Parteien über die Zuteilung von Listenplätzen dafür sorgen, dass sich der Frauenanteil in den kommunalen Parlamenten erhöht, damit die Zusammensetzung der Bevölkerung auch in den Stadträten und Kreistagen adäquat abgebildet werden kann. Die Daten werden über eine Internetrecherche aller Stadträte und Kreistage ermittelt. Eine Erhebung erfolgt alle zwei Jahre.","Statistische Ämter des Bundes und der Länder - Ergebnisse der Kommunalwahlen, Internetrecherche",,x,,2013-2019 (2-jährig)
16020,160200,Bruttoinlandsprodukt je Einwohner,Bruttoinlandsprodukt in € je Einwohner,Bruttoinlandsprodukt <Zeitpunkt> / E <Zeitpunkt> ,"Das Bruttoinlandsprodukt (BIP) misst die gesamte wirtschaftliche Leistung einer Volkswirtschaft, definiert als Gesamtwert aller produzierten Waren und Dienstleis-tungen abzüglich der Vorleistungen und Importe. Auf kommunaler Ebene misst das BIP die Bruttowertschöpfung, die innerhalb einer Kommune stattfindet. Das BIP-Wachstum je Einwohner liefert dabei Informationen zur Entwicklung des wirtschaft-lichen Wohlstandes, es lässt allerdings keine Rückschlüsse auf dessen Verteilung sowie auf die tatsächliche Lebensqualität vor Ort zu. Das BIP ermöglicht somit ausschließlich Aussagen zur ökonomischen Dimension, wobei Aspekte der sozialen und ökologischen Dimension unberührt bleiben. Bei alleiniger Betrachtung des BIPs bleibt ungeklärt, mit welchen Mitteleinsatz die Wertschöpfung erreicht wurde. Grundsätzlich ergibt sich jedoch die Schwierigkeit, dass im BIP nur formell getätigte bzw. entsprechend dokumentierte Wertschöpfung erfasst wird. Informell vertriebene Waren oder ausgeführte Dienstleistungen finden im BIP entsprechend keine Berücksichtigung, was sich folglich auch in der Bemessung des Wachstums niederschlägt. Bei der Bezugsgröße Bevölkerung ist zu beachten, dass sich die Zahlen vor 2011 auf die Fortschreibung auf Basis der Volkszählung 1987 (BRD) und 1981 (DDR) und ab 2011 auf die Fortschreibung auf Basis des Zensus 2011 beziehen. Es bestehen leichte Unterschiede zu den im „Wegweiser Kommune“/SDG-Portal der Bertelsmann-Stiftung veröffentlichten Werte, die sich aus dem unterschiedlichen Umgang mit Gebietsumrechnungen und Rückrechnungen der Bevölkerungsdaten nach Altersgruppen der amtlichen Statistik ergeben. Des Weiteren verwendet das BBSR zur Berechnung der bevölkerungsbasierten Indikatoren einheitlich die Bevölkerungszahlen zum Stichtag 31.12. und nicht, wie im Arbeitskreis Volkswirtschaftliche Gesamtrechnungen die Jahresdurchschnittsbevölkerung.",Arbeitskreis Volkswirtschaftliche Gesamtrechnung der Länder,,x,,2000-2020
16021,160210,Langzeitarbeitslose,"Anteil der Arbeitslosen, 1 Jahr und länger arbeitslos, an den Arbeitslosen in %","Arbeitslose, 1 Jahr und länger arbeitslos, <Zeitpunkt> / Arbeitslose <Zeitpunkt> x 100","Als langzeitarbeitslos gelten solche Arbeitslose, die ein Jahr und länger bei den Agenturen für Arbeit oder bei den Trägern für Grundsicherung für Arbeitsuchende nach dem SGB II arbeitslos gemeldet waren. Ein hoher Anteil an Langzeitarbeitslosen ist Ausdruck einer ökonomischen Strukturschwäche, die sich in besonderem Maße auf die finanzielle, soziale und gesundheitliche Situation der Betroffenen und ihrer Angehörigen auswirkt und auch die finanzielle Situation der Kommune beeinträchtigen kann. Darüber hinaus kann sich verstärkt auftretende Langzeitarbeitslosigkeit auf den sozialen Zusammenhalt und die allgemeine Lebensqualität einer Kommune niederschlagen und Abwanderungsprozesse in Gang setzen. Neben der allgemeinen Wirtschaftslage haben besonders die regionalspezifischen ökonomischen Strukturen (von ökonomischen Strukturumbrüchen) Einfluss auf die Zahl der Langzeitarbeitslosen vor Ort. Auch die allgemeine geographische Lage (zentral oder peripher gelegene Kommune) und die demographische Situation sind wichtige Rahmenbedingungen, die auf diesen Indikator wirken. Es ergeben sich leichte  Abweichungen zu den im ""Wegweiser Kommune""/SDG-Portal veröffentlichten Werte durch den unterschiedlichen Umgang mit Gebietsstandsänderungen und Geheimhaltungsfällen.",Statistik der Bundesagentur für Arbeit,x,,1998-2020,1995-2020
16022,160220,Beschäftigtenquote,SV Beschäftigte am Wohnort je 100 Einwohner im erwerbsfähigen Alter in %,SV Beschäftigte im Alter von 15 bis 64 Jahren am Wohnort <Zeitpunkt> / E 15 -< 65 Jahre <Zeitpunkt> x 100,"Die Beschäftigungsquote gibt den Anteil der sozialversicherungspflichtig Beschäftigten an der erwerbsfähigen Gesamtbevölkerung an. Sie lässt Rückschlüsse auf die soziale Situation der Bevölkerung zu. Eine hohe Beschäftigungsquote sichert die wirtschaftliche und soziale Inklusion und ist Grundvoraussetzung für eine eigenständige Lebensplanung sowie gesellschaftliche Teilhabe. Dem Prinzip der Ganzheitlichkeit folgend, hat die Beschäftigungsquote auch eine große Bedeutung für die Zukunftsfähigkeit einer Kommune und steht in enger Verbindung zwischen der ökonomischen, ökologischen und sozialen Dimension. Bei der Bezugsgröße Bevölkerung ist zu beachten, dass sich die Zahlen vor 2011 auf die Fortschreibung auf Basis der Volkszählung 1987 (BRD) und 1981 (DDR) und ab 2011 auf die Fortschreibung auf Basis des Zensus 2011 beziehen. Es bestehen leichte Unterschiede zu den im „Wegweiser Kommune“/SDG-Portal der Bertelsmann-Stiftung veröffentlichten Werte, die im unterschiedlichen Umgang mit Gebietsstandsumrechnungen und Geheimhaltungsfällen resultieren.",Beschäftigtenstatistik der Bundesagentur für Arbeit,x,,2001-2020,2011-2020
16023,160230,Quote ältere Beschäftigte,SV Beschäftigte am Wohnort im Alter von über 55 Jahren je 100 Einwohner dieser Altersgruppe in %,SV Beschäftigte im Alter von 55 bis 64 Jahren am Wohnort <Zeitpunkt> / E 55 -< 65 Jahre <Zeitpunkt> x 100,"Die Beschäftigungsquote 55- bis 64-Jähriger gibt den Anteil der sozialversicherungspflichtigen Beschäftigten an der Gesamtbevölkerung gleichen Alters an. Sie lässt Rückschlüsse auf die Erwerbschancen einer demographischen Gruppe zu, die nach Arbeitslosigkeit oft nur unter großen Anstrengungen wieder in das Berufsleben zurückfindet. Dies hat mitunter erhebliche Auswirkungen auf die soziale und gesundheitliche Situation. Eine hohe Beschäftigungsquote dieser Altersgruppe sichert die wirtschaftliche und soziale Inklusion im Sinne der Sicherstellung einer eigenständigen Lebensplanung sowie gesellschaftlicher Teilhabe. Bei der Bezugsgröße Bevölkerung ist zu beachten, dass sich die Zahlen vor 2011 auf die Fortschreibung auf Basis der Volkszählung 1987 (BRD) und 1981 (DDR) und ab 2011 auf die Fortschreibung auf Basis des Zensus 2011 beziehen. Es bestehen leichte Unterschiede zu den im „Wegweiser Kommune“/SDG-Portal der Bertelsmann-Stiftung veröffentlichten Werte, die im unterschiedlichen Umgang mit Gebietsstandsumrechnungen und Geheimhaltungsfällen resultieren.",Beschäftigtenstatistik der Bundesagentur für Arbeit,,x,,2005-2020
16024,160240,Aufstocker,Anteil erwerbstätiger ALGII-Bezieher (Aufstocker) an den abhängig Beschäftigten,abhängig erwerbstätige Arbeitslosengeld-II-Bezieher <Zeitpunkt>  / abhängig erwerbstätige Beschäftigte <Zeitpunkt> x 100,"Der Indikator beinhaltet Empfänger von ALG II, die im rechtlich zulässigen Rahmen diese Leistung durch Erwerbseinkommen zur Verringerung ihrer Hilfebedürftigkeit ergänzen (Mehrheit der Fälle) sowie Erwerbstätige, die ALG II beziehen, weil ihr Einkommen zum Lebensunterhalt nicht ausreicht. Menschenwürdige Arbeit sollte zumindest so viel Geld einbringen, dass dieses zum selbstständigen Bestreiten des Lebensunterhalts ausreicht und keine staatliche Unterstützung in Anspruch ge-nommen werden muss. Eine hohe Zahl an „Aufstockern“ weist auf strukturelle Defizite der ansässigen Wirtschaft hin, die sich auf die ökonomische und soziale Situation der Betroffenen, und die Kommune insgesamt (z.B. durch verringerte Steuereinnahmen und erhöhte Sozialausgaben) auswirken kann. In der Verknüpfung der ökonomischen mit der sozialen Dimension und aufgrund der Relevanz für die nachfolgende Generation bildet dieser Indikator die Nachhaltigkeitsprinzipien der Ganzheitlichkeit und der Generationengerechtigkeit ab.",Statistik der Grundsicherung für Arbeitssuchende der Bundesagentur für Arbeit,,x,,2007-2020
16025,160250,Mietpreise,Wiedervermietungsmieten inserierter Wohnungen“ (Angebotsmieten),"duchschnittliche Angebotsmiete je m² klassifiziert in Stufen unter 4 €, 4 bis unter 5 €, weiter in 1-€ Stufen bis 18 € und mehr","Die ausgewerteten Angebotsmieten basieren auf Inseraten aus Immobilienplattformen und von Zeitungen für Wiedervermietungen von Wohnungen. Sie spiegeln das Angebot wider, aus das Wohnungssuchende treffen, wenn sie im Internet nach einer Mietwohnung suchen. Zur Standardaufbereitung bis auf die Ebene der Kreise erfolgte eine Eingrenzung der betrachteten Wohnungen auf Wohnflächen von 40 bis 100 m² mit mittlerer Wohnungsausstattung in mittlerer bis guter Wohnlage. Die verwendeten Daten umfassen nettokalte Angebotsmieten, also ohne kalte und warme Nebenkosten. Als Quelle werden die Datenbanken der IDN ImmoDaten GmbH mit Inseraten aus über 120 Immobilienportalen und Zeitungen verwendet, die das BBSR aufbereitet und daraus durchschnittliche Angebotsmieten berechnet. Mit dieser Quelle werden nicht alle Wohnungsangebote erfasst. Inserate aus lokalen Zeitungen, Mieter- oder Unternehmenspublikationen oder von Aushängen können nicht mit einfließen. Wohnungsvermittlungen über Kunden- und Wartelisten von Wohnungsunternehmen oder Maklern können ebenfalls nicht berücksichtigt werden. Daher können gerade Wohnungen im günstigen Mietsegment mit dieser Datenquelle unterrepräsentiert sein. Mieten aus bestehenden Mietverhältnissen lassen sich mit dieser Datengrundlage ebenfalls nicht darstellen. Aufgrund des neuen und verbesserten Aufbereitungsverfahrens müssten die „alten“ Mietdaten vollständig durch die vorliegende Zeitreihe ersetzt werden.1: unter 4 € je m²2: 4 bis unter 5 € je m²...15: 17 bis unter 18 € je m²16: 18 € und mehr je m²","BBSR-Wohnungsmarktbeobachtung, IDN ImmoDaten GmbH",,x,,2010-2021
16026,160260,Beschäftigte am AO mit akademischem Berufsabschluss,SV Beschäftigte am Arbeitsort mit akademischem Berufsabschluss an den SV Beschäftigten in %,SV Beschäftigte AO mit akademischem Berufsabschluss <Zeitpunkt> / SV Beschäftigte AO <Zeitpunkt> x 100,"Vor dem Hintergrund des Fach- und Führungskräftemangels ist ein hoher Anteil an Hochqualifizierten der wirtschaftlichen Leistungsfähigkeit und speziell der Innovationsfähigkeit zuträglich. Entscheidend für Kommunen ist die Verfügbarkeit von hochqualifizierten Fachkräften bzw. ihre Anziehungskraft auf Fachkräfte als Arbeits- und als Wohnort. Neben dem ökonomischen Wachstum, das höhere Einnahmen über die Gewerbesteuer mit sich bringt, sind weitere positive Wirkungen, wie z. B. auf die Sozialstruktur und das öffentliche Leben möglich, sofern die Hochqualifizierten nicht nur in der betreffenden Kommune arbeiten, sondern auch wohnen. Diese Wirkungen stützen das Nachhaltigkeitsprinzip der Generationengerechtigkeit. Hinweise zu den Daten: SV Beschäftigte am Arbeitsort nach Klassifikation der Berufe 2010 (KldB 2010)!. eingeschränkte Vergleichbarkeit mit Vorjahren. - Sozialversicherungspflichtig Beschäftigte = (Arbeiter und Angestellte und Personen in beruflicher Ausbildung, die in gesetzlicher Renten-, Kranken- und/oder Arbeitslosenversicherung pflichtversichert sind), also ohne Berücksichtigung von Beamten, Selbständigen, mithelfenden Familienangehörigen, geringfügig Beschäftigten. Insgesamt werden damit nur 65-85 % aller Erwerbstätigen erfasst. Trotz dieser Einschränkung werden die sozialversicherungspflichtig Beschäftigten als Maß der dem Arbeitsmarkt zur Verfügung stehenden Arbeitsplätze verwendet",Beschäftigtenstatistik der Bundesagentur für Arbeit,,x,,2012-2020
16027,160270,Breitbandversorgung,Anteil der Haushalte mit Breitbandversorgung mit 100 Mbit/s in %,Anzahl der Haushalte mit einem Breitbandanschluss von mindestens 50 mBit/s <Zeitpunkt> / Anzahl der Haushalte <Zeitpunkt> x 100,"Die Breitbandverfügbarkeit hat einen indirekten Nachhaltigkeitsbezug. Als häufige Grundvoraussetzung für unternehmerisches Handeln wird die Breitbandversorgung verstärkt zum zentralen Standortfaktor. Auch private Haushalte profitieren von der Versorgung mit dem Breitbandinternet, z. B. durch die Ermöglichung der Arbeit im „Home-Office“. Dies kann die Vereinbarkeit von Beruf und Familie erleichtern. Die Breitbandversorgung ist zu einem Bestandteil der Daseinsvorsorge geworden und wird von staatlicher Seite mit zum Teil erheblichen Mitteln gefördert. Aufgrund seiner Bedeutung für die Schaffung gleichwertiger Lebensbedingungen in allen Regionen, für alle sozialen Gruppen und auch für die nachfolgenden Generationen (Prinzip der Generationengerechtigkeit) hat dieser Indikator eine hohe Nachhaltigkeitsrelevanz. Die Daten basieren auf den Angaben von ca. 340 Breitbandanbietern. Sie beinhalten lediglich Informationen zur Breitbandversorgung von privaten Haushalten, wobei diese Informationen auch Rückschlüsse zur Breitbandversorgung von Unternehmen zulassen.",Breitbandatlas des Bundesministeriums für Verkehr und digitale Infrastruktur ,x,,2020,2020
16028,160280,Beschäftigtenquote Ausländer,Verhältnis der Beschäftigungsquote ausländischer Staatsbürger zur Beschäftigungsquote insgesamt,(ausländische SV Beschäftigte WO <Zeitpunkt> / ausländische E 15 -< 65 Jahre <Zeitpunkt> ) / (SV Beschäftigte WO <Zeitpunkt> / E 15 -< 65 Jahre <Zeitpunkt> ) ) x 100,"Die Beschäftigungsquote von Ausländerinnen und Ausländern ist definiert als der Anteil an Personen nichtdeutscher Staatsangehörigkeit, der sozialversicherungspflichtig beschäftigt ist. Der betrachtete Indikator setzt diese Quote ins Verhältnis zur Beschäftigungsquote innerhalb der Gesamtbevölkerung und lässt auf diese Weise Rückschlüsse über die Positionierung von Ausländerinnen und Ausländern am deutschen Arbeitsmarkt zu. Der Indikator bildet das Ziel mit leichten Einschränkungen ab. Die Betrachtung der Beschäftigungsquote von Ausländerinnen und Ausländern gibt zwar Hinweise auf deren wirtschaftliche Inklusion, die gesamte Inklusion im politischen und sozialen Sinne ist hierdurch jedoch noch nicht abgedeckt. Ebenso können Einwanderer zwar grundsätzlich im Arbeitsmarkt integriert (d.h. in Beschäftigung sein), aber immer noch von Diskriminierung (z.B. in der Form niedrigerer Löhne) betroffen sein. Bei der Bezugsgröße Bevölkerung ist zu beachten, dass sich die Zahlen vor 2011 auf die Fortschreibung auf Basis der Volkszählung 1987 (BRD) und 1981 (DDR) und ab 2011 auf die Fortschreibung auf Basis des Zensus 2011 beziehen. Es bestehen leichte Unterschiede zu den im „Wegweiser Kommune“/SDG-Portal der Bertelsmann-Stiftung veröffentlichten Werte, die sich durch eine unterschiedliche Behandlung von Gebietsstandsänderungen sowie Rückrechnungen der Bevölkerung nach Altersklassen ergeben.",Beschäftigtenstatistik der Bundesagentur für Arbeit,,x,,2011-2020
16029,160290,Einbürgerungen je Ausländer,Anzahl der eingebürgerten Personen an den Einwohnern ausländischer Staatsbürgerschaft,Anzahl der Einbürgerungen <Zeitbezug> / Bevölkerung mit ausländischer Staatsbürgerschaft <Zeitbezug> x 100,"Zunehmende Einbürgerungszahlen gelten als ein wichtiger Indikator für eine verbesserte Integration, denn die Einbürgerung trägt im Allgemeinen zu einer stärkeren Identifikation mit der Gesellschaft des Einwanderungslandes bei. Nur die deutsche Staatsangehörigkeit ermöglicht den ausländischen Mitbürgerinnen und Mitbürgern politische Partizipation, rechtliche Gleichstellung, volle Reisefreiheit und weitere Möglichkeiten gesellschaftlicher Teilhabe und Repräsentation. Nach dem Prinzip der Ganzheitlichkeit erstreckt sich diese Teilhabe auf kommunaler Ebene über die Dimensionen Ökonomie, Ökologie, Soziales und Governance. Bei der Bezugsgröße Bevölkerung ist zu beachten, dass sich die Zahlen vor 2011 auf die Fortschreibung auf Basis der Volkszählung 1987 (BRD) und 1981 (DDR) und ab 2011 auf die Fortschreibung auf Basis des Zensus 2011 beziehen.",Einbürgerungsstatistik des Bundes und der Länder,,x,,2015-2020
16030,160300,Wohnfläche,Verfügbare Wohnfläche je Einwohner,Wohnffläche in Wohn- und Nichtwohngebäuden in 1.000 m² < Zietbezug> x 1.000 / E <Zeitbezug>,"Die verfügbare Wohnfläche je Person in Deutschland steigt seit Jahren aufgrund unterschiedlicher Faktoren. Zum einen führt der Trend zu Haushalten mit weniger Personen dazu, dass die Bevölkerung insgesamt mehr Wohnfläche beansprucht. Dieser generelle Trend zu mehr Wohnfläche pro Person wird zusätzlich dadurch verstärkt, dass Altersgruppen über 75 Jahren oftmals überdurchschnittlich große Wohnungen oder Häuser bewohnen. Die Folgen dieser Entwicklungen sind regional oft unterschiedlich und führen dazu, dass es zu erheblichen Ungleichheiten in dem Bedarf und der tatsächlichen Verfügbarkeit von Wohnfläche kommt. In Kombination mit steigenden Immobilienpreisen und Mieten ist die effiziente Nutzung bereitstehender Wohnflächen, gemäß dem Prinzip der Ganzheitlichkeit, eine Herausforderung mit weitreichenden Konsequenzen für alle Dimensionen der Nachhaltigkeit. Die Daten vor 2011 beruhen auf der Fortschreibung der Volkszählung 1987 bzw. der Erhebung in Ostdeutschland 1995 und ab 2011 auf der Gebäude- und Wohnungszählung 2011. Bei der Bezugsgröße Bevölkerung ist zu beachten, dass sich die Zahlen vor 2011 auf die Fortschreibung auf Basis der Volkszählung 1987 (BRD) und 1981 (DDR) und ab 2011 auf die Fortschreibung auf Basis des Zensus 2011 beziehen.",Fortschreibung des Wohngebäude- und Wohnungsbestandes des Bundes und der Länder,,x,,2011-2020
16031,160310,Wohnungsnahe Grundversorgung Supermarkt,Einwohnergewichtete Luftliniendistanz zum nächsten Supermarkt/Discounter,Summe (Luftlinie vom Messgittermittelpunkt zur nächsten Supermarkt bzw. Discounterdresse x Einwohnerzahlen am Messpunktgitter) / Einwohner des Raumaggregats,"Essen und Trinken zählt zu den grundlegendsten menschlichen Bedürfnissen und kann, anders als andere Güter, die unter den Begriff der Daseinsvorsorge fallen, zum täglichen Bedarf gezählt werden. Unabhängig von den persönlichen Konsumentscheidungen müssen Lebensmittel deshalb in hoher Regelmäßigkeit beschafft werden, leicht verderbliche Waren meist mehrmals wöchentlich. Der Einkauf muss daher ohne größeren zeitlichen und logistischen Aufwand in den Tagesablauf integrierbar sein. Wohnortnähe ist in diesem Zusammenhang ein entscheidender Faktor. Umso mehr, da sich im Lebensmittelhandel seit Jahren ein Trend zur Konzentration beobachten lässt, der sich u. a. in einer Abnahme kleinerer Standorte niederschlägt wie auch einer allgemeinen Zunahme durchschnittlicher Ladenflächengrößen. Der Trend zu relativ abgelegenen Einkaufsmöglichkeiten wirkt vor allem dem Konzept der für die Nachhaltigkeit wichtigen fußläufigen Erreichbarkeit entgegen. Die Abhängigkeit von Fortbewegungsmitteln führt zu Kosten, die mit Einschränkungen in der sozialen, ökonomischen und ökologischen Dimension verbunden sind. Als Datengrundlage dienen adressgenaue Standortdaten von Infrastruktureinrichtungen sowie ein Messpunktgitter mit kleinräumig geschätzten Einwohnerzahlen im Abstand von 100m (bis Stand 2016: 250m). Bei der Luftlinienermittlung dienen Gewässerflächen des ATKIS Basis DLM als Barrieren. Ab Stand 2015 sind Brücken/Unterführungen (Straße) als Unterbrechungen der Barriere berücksichtigt. Die Luftlinien sind anhand der Einwohnerzahlen am Messpunktgitter auf Gemeinden und weitere Raumbezüge aggregiert (einwohnergewichtete Luftliniendistanz). Der Einwohneranteil im Nahbereich errechnet sich aus der Summe der Einwohnerzahlen im Messpunktgitter bei Distanzwerten bis max. 1000m im Verhältnis zur Gesamtbevölkerung der Gemeinde.","Laufende Raumbeobachtung des BBSR, TradeDimensions/The Nielsen Company (2017), Wer-zu-Wem-Verlag (2011-2015), Infas360 (Stand 2016 für Auswertungszeitraum 2017)Zensus 2011 (Stand 2011 für Auswertungszeitraum 2015)",x,,2021,2021
16032,160320,Pkw-Dichte,Anzahl der Pkw je 1.000 Einwohner,Anzahl Pkw <Zeitpunkt> / E <Zeitpunkt> x 100,"Die Anzahl an zugelassenen Personenkraftwagen (Pkw) steigt seit Jahren an. Dies verschärft die Verteilungsproblematik des öffentlichen Raumes sowohl auf dem Land, als auch in den Städten erheblich und konterkariert die Bestrebungen, Verkehrssysteme nachhaltiger und vor allem zugänglicher zu gestalten. Die Konsequenz von Politik und Verwaltung, auf hohe Pkw-Dichten mit einem Ausbau der Infrastruktur zu reagieren, führt erwiesenermaßen zu einer umso höheren Auslastung der Straßeninfrastruktur. Zusätzlich hat der Infrastrukturausbau weitreichende Konsequenzen für die Lebensqualität und das Wohlbefinden der Menschen, die in der Nähe einer (stark befahrenen) Straße wohnen. Aufgrund der Lärm- und Schadstoffbelastung sind solche Wohnlagen besonders oft von einkommensschwachen Personen bewohnt. Dadurch gewinnt die soziale Dimension von Nachhaltigkeit noch zusätzlich an Bedeutung. Da insbesondere die Infrastruktur des motorisierten Individualverkehrs auch erhebliche ökonomische und ökologische Kosten mit sich bringt, folgt eine Reduktion des Pkw-Aufkommens dem Prinzip der Ganzheitlichkeit. Bei der Bezugsgröße Bevölkerung ist zu beachten, dass sich die Zahlen vor 2011 auf die Fortschreibung auf Basis der Volkszählung 1987 (BRD) und 1981 (DDR) und ab 2011 auf die Fortschreibung auf Basis des Zensus 2011 beziehen.",Statistik des Kraftfahrzeugbestandes des Bundes und der Länder,,x,,1995-2020
16033,160330,Verunglückte im Straßenverkehr,Verunglückte im Straßenverkehr je 100.000 Einwohner,Verunglückte im Straßenverkehr <Zeitpunkt> / E <Zeitpunkt> x 100.000,"Weltweit sind Verkehrsunfälle unabhängig von der wirtschaftlichen Situation eines Landes die häufigste Todesursache von Jugendlichen und jungen Erwachsenen. Insgesamt ereignen sich in Deutschland jährlich rund 300.000 Unfälle mit Personenschäden, was ca. 800 Unfällen mit Verletzungen oder Todesfolgen pro Tag entspricht. Die gesellschaftlichen Kosten, die sich aus den Gesundheitsschäden und Verkehrsauswirkungen dieser Unfälle ergeben, sind beträchtlich und belangen daher das Prinzip der intergenerationalen Gerechtigkeit. Daher müssen präventive Maßnahmen auf unterschiedlichen Ebenen ansetzen. Wenn die Sicherheit innerorts erhöht werden kann, steigen die Attraktivität des öffentlichen Raums und damit ggf. auch der Anteil des Fuß- und Radverkehrs. Als Verunglückte gelten Personen, die bei Unfällen infolge des Fahrverkehrs auf öffentlichen Wegen und Plätzen getötet oder verletzt wurden. Bei der Bezugsgröße Bevölkerung ist zu beachten, dass sich die Zahlen vor 2011 auf die Fortschreibung auf Basis der Volkszählung 1987 (BRD) und 1981 (DDR) und ab 2011 auf die Fortschreibung auf Basis des Zensus 2011 beziehen. Im Gegensatz zum ""Wegweiser Kommune""/SDG-Portal werden die Verunglückten hier nicht auf 1.000 sondern auf 100.000 Einwohner bezigen (vgl. Thema Verkehr).",Statistik der Straßenverkehrsunfälle des Bundes und der Länder,x,,2008-2020,1995-2020
16034,160340,Siedlungs- und Verkehrsfläche,Anteil der Siedlungs- und Verkehrsfläche an der Gesamtfläche in %,Siedlungs- und Verkehrsfläche <Zeitpunkt> / Katasterfläche <Zeitpunkt> x 100,"Der Indikator benennt den Anteil der Gebietsfläche, die für Siedlungszwecke beansprucht wird. Siedlungs- und Verkehrsfläche ist nicht gleichzusetzen mit versiegelter Fläche. Zur Siedlungsfläche zählen die Nutzungsarten Wohnbaufläche, Industrie- und Gewerbefläche, Öffentliche Einrichtungen sowie Erholungsfläche und Friedhöfe, abzüglich der Flächen für Bergbaubetrieb und Tagebau (sogenanntes Abbauland). Die Verkehrsfläche setzt sich aus den vier Unterarten Straßen- und Wegeverkehr, Bahn-, Flug- und Schiffsverkehr zusammen. Dementsprechend bezieht sich der Indikator nicht allein auf die versiegelte Fläche, sondern erfasst auch unbebaute und nicht versiegelte Flächen wie Hausgärten, Parks, Grünanlagen, Straßenbegleitgrün etc. Anteilswerte an der Gebietsfläche sind immer abhängig vom (administrativen) Zuschnitt der Gebietseinheit. Die Flächen werden von der Statistik in ha ausgewiesen. Die Erhebung basiert ab 2016 auf dem Amtlichen Liegenschaftskataster-Informationssystem (ALKIS), vor 2016 auf einer Auswertung des Liegenschaftskatasters, zuletzt der Automatisierten Liegenschaftsbücher (ALB). Durch die Änderung der Erfassungsgrundlage ist die Vergleichbarkeit der Daten ab 2016 mit den Vorjahren aus methodischen Gründen erheblich eingeschränkt.",Flächenerhebung nach Art der tatsächlichen Nutzung des Bundes und der Länder,x,,2016-2020,2016-2020
16035,160350,Flächenneuinanspruchnahme,Änderung der Siedlungs- und Verkehrsfläche an der Gesamtfläche im Vergleich zum Vorjahr,(Siedlungs- und Verkehhrsfläche <Zeitpunkt> - Siedlungs- und Verkehrsfläche <Zeitpunkt - 1>) / Katasterfläche <Zeitpunkt> x 100,"Der Indikator Flächenneuinanspruchnahme stellt den oftmals unwiederbringlichen Verlust an natürlichen Böden und Freiflächen zum Zwecke der Flächenumnutzung für Siedlungs- und Verkehrsflächen dar. Eine weitere Abnahme des Naturraums führt zu einem Verlust wichtiger Boden- und Wasserhaushaltsfunktionen. Neben der Entstehung von Hochwasser begünstigt eine zunehmende Verdrängung des Naturraums auch die Auswirkungen des anthropogenen Klimawandels und hat somit erheblichen Einfluss auf die Widerstandsfähigkeit und Nachhaltigkeit von Städten und Siedlungen. Flächenneuinanspruchnahme ist die Ursache eines wenig nachhaltigen flächenextensiven ökonomischen Wachstumsmodells, das oft Ausdruck defizitärer Innenentwicklung, interkommunaler Konkurrenz und einer übermäßigen Abhängigkeit von Einkommens- und Gewerbesteueranteilen an den Gemeindefinanzen ist. Im Sinne der Ganzheitlichkeit ist die ökonomische, ökologische, soziale und administrative Dimension in einem Maße beeinflusst, das vor allem die intergenerative Gerechtigkeit hervorhebt. Bundesweit soll bis zum Jahr 2030 der durchschnittliche tägliche Zuwachs der Siedlungs- und Verkehrsfläche auf unter 30 ha reduziert werden. Eine Änderung der Klassifikation der Nutzung in 2016 erschwert die Vergleichbarkeit der Daten von 2016 und 2017 gegenüber den Vorjahren. ",Flächenerhebung nach Art der tatsächlichen Nutzung des Bundes und der Länder,x,,2017-2020,2017-2020
16036,160360,Siedlungs- und Verkehrsfläche je Einwohner,Siedlungs- und Verkehrsfläche je Einwohner,Siedlungs- und Verkehrsfläche in ha x 10.000 <Zeitpunkt> / E <Zeitpunkt>,"Der Indikator gibt Hinweise auf die Effizienz der Siedlungsflächennutzung. Grundlegend ist eine effiziente Flächennutzung durch die Maximierung des ökonomischen und sozialen Nutzens bei einer Minimierung des Faktor- bzw. Flächeneinsatzes gekennzeichnet. Je höher die räumliche Verdichtung von Einwohner und Arbeitsplätzen, desto kostengünstiger lassen sich soziale und technische Infrastrukturen betreiben und desto geringer ist die Material- und Energie- sowie die Verkehrsintensität eines Siedlungssystems für die Kommunen. Die Siedlungsdichte kann somit als positive Einflussgröße für die ökonomische Leistungs- und Innovationsfähigkeit angesehen werden. Eine Erhöhung der Siedlungsdichte durch Nachverdichtung und genereller Erhöhung der Baudichte verringert die Notwendigkeit, Siedlungs- und Verkehrsflächen kontinuierlich zu erweitern. Dadurch wird der Verbrauch an Flächen verringert und ein Beitrag zum nachhaltigen Umgang mit der begrenzten Ressource Boden geleistet. Dies hat erheblichen Einfluss auf das Prinzip der Generationengerechtigkeit. Eine Änderung der Klassifikation der Nutzung in 2016 erschwert die Vergleichbarkeit der Daten von 2016 und 2017 gegenüber den Vorjahren.",Flächenerhebung nach Art der tatsächlichen Nutzung des Bundes und der Länder,x,,2016-2020,2016-2020
16037,160370,Erholungsfläche je Einwohner,Erholungsfläche in m² je Einwohner,Erholungsfläche in ha <Zeitpunkt> / Einwohner <Zeitpunkt> x 10.000,"Erholungsflächen umfassen unbebaute Flächen, die überwiegend dem Sport, der Erholung oder dazu dienen, Tiere oder Pflanzen zu zeigen. Zu diesen Flächen gehören u. a. Grünanlagen, Parks, Schrebergärten sowie der Sportflächen und Campingplätze. Erholungsflächen erfüllen eine wichtige soziale sowie ökologische Komponente. So haben Erholungsflächen einen hohen Freizeitwert, können Stress reduzieren und sie können als Treffpunkt verschiedener sozialer Schichten dienen. Erholungsflächen haben jedoch auch einen hohen ökologischen Wert, da sie durch Klimaregulation und Luftfilterung insbesondere in städtischen Gebieten die Luftqualität verbessern können. Letztlich sind Erholungsräume auch ein wichtiger „weicher“ Standortfaktor und damit auch von ökonomischer Relevanz. Hinweise zu den Daten: Durch Änderungen der Erhebungsmethoden kommt es zu Wechsel zwischen den Flächennutzungsklassen, ohne dass eine tatsächliche Nutzungsänderung eingetreten ist. Diese werden im Gegensatz zu den im Wegweiser Kommune der Bertelsmann-Stiftung veröffentlichten Daten im BBSR unter Hilfe weiterer Informationen bereinigt, wo möglich. Dadurch ergeben sich marginale Datenunterschiede. Für eine bessere Lesbarkeit werden die Daten hier in m² je E. und nicht in km² je E. ausgewiesen. Eine Änderung der Klassifikation der Nutzung in 2016 erschwert die Vergleichbarkeit der Daten von 2016 und 2017 gegenüber den Vorjahren. Die Zeitreihe ist daher unter Vorbehalt nutzbar.",Flächenerhebung nach Art der tatsächlichen Nutzung des Bundes und der Länder,x,,2016-2020,2016-2020
16038,160380,Fertiggestellte Wohngebäude mit erneuerbarer Heizenergie,Anteil fertiggestelle Wohngebäude mit erneuerbarer Heizenergie an allen Wohngebäuden in %,Neu errichtete Wohngebäude mit erneuerbarer Heizenergie <Zeitpunkt> / neu errichtete Wohngebäude <Zeitpunkt> x 100,"Etwa zwei Drittel des endenergiebezogenen Gebäudeenergieverbrauchs Deutschlands geht auf die Bereitstellung von Raumwärme in Wohngebäuden zurück. Solar, Fernwärme, der Einsatz von Wärmepumpen und Biomasse als Heiztechnologien, die erneuerbare Energie nutzen, können demnach erheblich dazu beitragen, den Energieverbrauch, und somit die CO2-Emissionen zu reduzieren. Als ökonomischer Nebeneffekt sind die energetischen Fixkosten dieser Technologien mit niedrigeren Kosten für die privaten Haushalte verbunden. Somit betrifft der Indikator, dem Prinzip der Ganzheitlichkeit folgend, sowohl die ökonomische als auch die ökologische Dimension. Da die bundesweiten Neubauraten bei unter 1 % liegen, ergibt sich die Bedeutung der Neubauten indirekt aus ihrer Beispielfunktion für Maßnahmen, die sich später als Innovation auf den Gebäudebestand übertragen lassen und durch eine breitere Marktdurchdringung mit niedrigeren Investitionskosten verbunden sind. Eine Erhöhung des Anteils von neu gebauten Wohngebäuden mit erneuerbarer Heizenergie stellt sicher, dass Neubauten nicht mittelfristig Sanierungsfälle werden und hat demnach Relevanz im Sinne der Generationengerechtigkeit. Dies gilt vor allem in Anbetracht steigender energetischer Anforderungen.",Statistik der Baufertigstellungen des Bundes und der Länder,,x,,2016-2020
16039,160390,Trinkwasserverbrauch,Wasserabgabe an Letztverbraucher (Haushalte und Kleingewerbe) in l je Einwohner und Tag,Wasserabgabe an Letztverbraucher (Haushalte und Kleingewerbe) in 1.000 m³ <Zeitpunkt> / E <Zeitpunkt> / 365 x 1000.000,"Insgesamt gesehen ist Deutschland ein wasserreiches Land. Vom jährlichen Wasserdargebot, d. h. der aus dem natürlichen Wasserkreislauf zur Verfügung stehenden Süßwassermenge, wird nur ein geringer Prozentsatz entnommen und nach Gebrauch dem Kreislauf wieder zugeführt. Trotzdem bleibt Wasser eine kostbare Ressource, mit der in Deutschland auch weiterhin sorgsam umgegangen werden sollte. Insbesondere die Entnahme von Tiefenwasser, welche in zahlreichen Regionen stattfindet, kann langfristig zu einer Reduzierung der Grundwasserreserven führen und damit das Prinzip der intergenerationellen Gerechtigkeit betreffen. Die Statistik wird im Rhythmus von 3 Jahren bereit gestellt. Die Wasserabgabe der Statistik bezieht sich auf haushalte und Kleingewerbe, wodurch sich Haushalts- und gewerbestruktur auf die Werte auswirken.",Erhebung der öffentlichen Wasserversorgung des Bundes und der Länder,,x,,1998-2019
16040,160400,Abfallmenge,Entsorgte Abfallmenge in kg je Einwohner,Entsorgte Abfallmenge <Zeitpunkt> / E <Zeitpunkt>,"Eine nachhaltige Abfallpolitik hat das Ziel der Schonung natürlicher Ressourcen und der Verminderung von Emissionen. Die Abfallvermeidung ist dabei zentrales Anliegen von Abfallpolitik und besitzt laut Kreislaufwirtschaftsgesetz (KrGW) die höchste Priorität in der fünfstufigen Abfallhierarchie. Abfallvermeidung kann unter anderem über eine ressourceneffiziente Produktion oder über ein umsichtiges Verbraucherverhalten erreicht werden. Die Erhebung der Abfallentsorgung wird bei den Betreibern von zulassungsbedürftigen Anlagen durchgeführt, die eigene oder von Dritten übernommene Abfälle entsorgen. Es existieren keine Informationen darüber, ob die entsorgten Abfälle auch vor Ort entstanden sind, was zu Einschränkungen bei der Datenqualität führt.",Erhebung über die Abfallentsorgung des Bundes und der Länder,,x,,2002-2020
16041,160410,Steuereinnahmen,Steuereinnahmen der Gemeinden und Gemeindeverbände in Euro je Einwohner,Steuereinnahmen der Gemeinden und Gemeindeverbände >Zeitpunkt> / E. <Zeitpunkt>,"Die Steuereinnahmen der Gemeinde (Grundsteuer A und B, Gewerbesteuer, Gemeindeanteil an der Einkommenssteuer, Gemeindeanteil an der Umsatzsteuer, steuerähnliche Abgaben) je Einwohner werden auch als Steuerkraft einer Gemeinde bezeichnet. Diese bestimmt maßgeblich über den finanziellen Handlungsspielraum einer Kommune und gibt Auskunft über die Wirtschaftsstärke bzw. Strukturschwäche einer Kommune. Nicht zuletzt werden so auch (investive) Nachhaltigkeitsaktivitäten determiniert, welche im Sinne der intergenerativen Gerechtigkeit als Vermögenswerte fortbestehen. Als Kern des kommunalen Haushalts geht mit der Entwicklung der Steuereinnahmen je Einwohner die Budgetrestriktion für etwaige Zielsetzungen in den Dimensionen Ökonomie, Ökologie und Soziales einher. Demnach folgt eine positive Entwicklung der Steuereinnahmen dem Prinzip der Ganzheitlichkeit. Bei der Bezugsgröße Bevölkerung ist zu beachten, dass sich die Zahlen vor 2011 auf die Fortschreibung auf Basis der Volkszählung 1987 (BRD) und 1981 (DDR) und ab 2011 auf die Fortschreibung auf Basis des Zensus 2011 beziehen.",Realsteuervergleich des Bundes und der Länder,x,,1995-2020,1995-2020
16042,160420,Kassenkredite,Kassenkredite im Kernhaushalt je Einwohner,Kassenkredite im Kernhaushalt <Zeitpunkt> / E <Zeitpunkt>,"Die Höhe der Liquiditätskredite in Euro je Einwohner verweist auf kurzfristige Finanzierungsengpässe der Kommunen, die durch eine Überziehung der Konten überbrückt werden. Liquiditäts- bzw. Kassenkredite bilden einen Bestandteil des Schuldenstands der Kernhaushalte der Gemeinden bzw. Gemeindeverbände beim öffentlichen und nicht-öffentlichen Bereich – kommunale Eigenbetriebe o. a. verbundener Einrichtungen mit eigenem Rechnungswesen bleiben hierbei unberücksichtigt. Mit Kassenkrediten werden – im Gegensatz zu Investitionskrediten – keine materiellen Vermögenswerte (z. B. Gebäude, Straße etc.) finanziert und müssen formal unterjährig wieder abgebaut werden. In einem Teil der Kommunen ist dies aufgrund hoher laufender Personal-, Sach-, und Sozialausgaben nicht möglich, sodass sich ein über mehrere Jahre fortbestehender Sockel an Liquiditäts- bzw. Kassenkrediten aufgebaut hat, der das Risiko erhöht, in konjunkturellen Abschwungphasen den Schuldendienst schlechter bedienen zu können. Solche hohen Bestände an Liquiditäts- bzw. Kassenkrediten indizieren mithin eine grundlegende Schieflage in der Haushaltstruktur dieser Kommunen, welche im Sinne der Generationengerechtigkeit problematisch ist. Ursachen dafür können sowohl eine hohe Gesamtverschuldung, eine schwache Einnahmenbasis oder aber auch eine Unterfinanzierung durch das Land sein. Der interkommunale Vergleich der Liquiditätskredite wird jedoch durch die Regelungen und Hilfestellungen der Länder im Umgang mit den Kassenkrediten erschwert. Bei der Bezugsgröße Bevölkerung ist zu beachten, dass sich die Zahlen vor 2011 auf die Fortschreibung auf Basis der Volkszählung 1987 (BRD) und 1981 (DDR) und ab 2011 auf die Fortschreibung auf Basis des Zensus 2011 beziehen.",Statistik über Schulden des Bundes und der Länder,,x,,2010-2020
