Unnamed: 0,Unnamed: 1,INKAR 2022 – Indikatorenübersicht:   Zentrale-Orte-Monitoring (ZOM),Unnamed: 3,Unnamed: 4,Unnamed: 5,Unnamed: 6,Unnamed: 7,Unnamed: 8,Unnamed: 9
M_ID,ID,Kurzname,Name,Algorithmus,Anmerkungen,Statistische Grundlagen,Gemeinde,Zeitreihe / Jahr / Entwicklung,Kartierbar
,,Zentrale Orte Monitoring,,,,,,,
,,Rahmendaten Zentraler Orte,,,,,,,
15101,151010,Zentralörtlicher Status,Zentralörtlicher Status,,Zentralörtlicher Status nach  Zentrale-Orte-Kategorien des BBSR (zusammengefasst):1 = Zentraler Ort 0 = keine zentralörtliche Einstufung,Festlegung nach Programmen und Plänen der Länder!. Zusamenfassung der Kategorien durch BBSR,x,2020,
15102,151020,Zentralörtlicher Status (zusammengefasst),Zentralörtlicher Status (zusammengefasst),,Zentralörtlicher Status nach  Zentrale-Orte-Kategorien des BBSR (zusammengefasst):1 = Oberzentrum und höher   2 = Mittelzentrum  3 = Grundzentrum und niedriger  0 = keine zentralörtliche Einstufung ,Festlegung nach Programmen und Plänen der Länder!. Zusamenfassung der Kategorien durch BBSR,x,2020,
15103,151030,Zentralörtlicher Status (differenziert),Zentralörtlicher Status der Gemeinde (differenziert),,Zentralörtlicher Status gemäß Festlegung nach Programmen der Länder (differenziert):10 = Oberzentrum11 = Teil eines Oberzentrums20 = Mittelzentrum mit Teilfunktionen eines Oberzentrums21 = Teil eines Mittelzentrums mit Teilfunktionen eines Oberzentrums30 = Mittelzentrum31 = Teil eines Mittelzentrums40 = Unterzentrum mit Teilfunktionen eines Mittelzentrums41 = Teil eines Unterzentrums mit Teilfunktionen eines Mittelzentrums50 = Unterzentrum51 = Teil eines Unterzentrums60 = Kleinzentrum mit Teilfunktionen eines Unterzentrums61 = Teil eines Kleinzentrums mit Teilfunktionen eines Unterzentrums70 = Kleinzentrum71 = Teil eines Kleinzentrums0 = keine zentralörtliche Einstufung,Festlegung nach Programmen und Plänen der Länder,x,2020,
15104,151040,Stadt-/Gemeindetyp,Stadt-/Gemeindetyp des BBSR,,"Der Stadt- und Gemeindetyp ordnet alle Verbandsgemeinden in Städte (Groß-, Mittel- und Kleinstädte) und in ländliche Gemeinden nach den Kriterien der Einwohnerzahl, zentralörtlichen Funktion und der phänomenologischen, siedlungsstrukturellen Prägung:10 = Großstädte20 = Mittelstädte30 = größere Kleinstädte40 = kleine Kleinstädte50 = Landgemeinden ",Laufende Raumbeobachtung des BBSR,x,2020,
15105,151050,Raumtyp nach Lage,Raumtyp nach Lage des BBSR,,Lagetypen nach erreichbarer Tagesbevölkerung:1 = sehr zentral2 = zentral3 = peripher4 = sehr peripher,Laufende Raumbeobachtung des BBSR,x,2020,
15106,151060,RegioStaR 17 - Regionalstatistischer Raumtyp,Regionalstatistischer Raumtyp für die Mobilitäts- und Verkehrsforschung,,"111 = Metropolitane Stadregion - Metropole112 = Metropolitane Stadregion - Großstadt113 = Metropolitane Stadregion - Mittelstadt114 = Metropolitane Stadregion - Verstädterter Raum115 = Metropolitane Stadregion - Kleinstädtisch, dörflicher Raum121 = Regiopolitane Stadtregion - Regiopole123 = Regiopolitane Stadregion - Mittelstadt124 = Regiopolitane Stadtregion - Verstädterter Raum125 = Regiopolitane Stadtregion - Kleinstädtischer, dörflicher Raum211 = Stadtregionsnahe ländliche Region - Zentrale Stadt213 = Stadtregionsnahe ländliche Region - Mittelstadt214 = Stadtregionsnahe ländliche Region - Verstädterter Raum215 = Stadtregionsnahe ländliche Region - Kleinstädtischer, dörflicher Raum221 = Periphere ländliche Region - Zentrale Stadt223 = Periphere ländliche Region - Mittelstadt224 = Periphere ländliche Region - Verstädterter Raum225 = Periphere ländliche Region - Kleinstädtischer, dörflicher Raum",Laufende Raumbeobachtung des BBSR,x,2020,
15107,151070,Bevölkerung,Zahl der Einwohner insgesamt,,"Es handelt sich um die Zahl der Einwohner zum Stichtag 31. Dezember des jeweiligen Jahres. Ab 2011 Ergebnisse der Bevölkerungsfortschreibung auf Grundlage des Zensus 2011. Als Bevölkerung (Einwohnerinnen und Einwohner) wird die Anzahl der Personen bezeichnet, die in einer Regionaleinheit (Gemeinde, Kreis usw.) ihren ständigen Wohnsitz (Hauptwohnsitz) haben, einschließlich der dort für längere Zeit als wohnhaft gemeldeten Ausländer. Das BBSR verwendet die Bevölkerung zum Stichtag 31. Dezember für alle einwohnerbezogenen Indikatoren, so auch bei Fließgrößen über das Jahr (wie Geburten, Sterbefälle, Wanderungen, Finanzströmen und – anders als die Statistischen Ämter des Bundes und der Länder - auch bei den Größen der Volkswirtschaftlichen Gesamtrechnung.",Fortschreibung des Bevölkerungsstandes des Bundes und der Länder,x,2017-2020,
15108,151080,Bodenfläche gesamt qkm,Katasterfläche in km²,,Als Katasterfläche bezeichnet man den vermessungstechnisch ermittelten Flächeninhalt einer Regionaleinheit. Grundlage für die Ermittlung der Fläche bildet der von Vermessungsämtern geführte Kataster. Statt von Katasterfläche wir verkürzt auch von Fläche oder Gesamtfläche gesprochen.,Flächenerhebung nach Art der tatsächlichen Nutzung der Statistischen Ämter des Bundes und der Länder,x,2017-2020,
15109,151090,Einwohnerdichte,Einwohner je km²,E <Zeitpunkt> / Fläche <Zeitpunkt>,"Die Einwohnerdichte ist ein generelles Maß der regionalen Bevölkerungsverteilung und das am häufigsten verwendete Dichtemaß. Sie gibt Aufschluss zur Beurteilung des Arbeitsmarktes, der Auslastung von Infrastruktur, der Belastung der Umwelt usw. Zudem findet die Einwohnerdichte oft als zentraler Indikator Eingang in die Typisierung bzw. Differenzierung eher städtischer oder eher ländlicher Gebiete. Bei der Bevölkerung ist zu beachten, dass sich die Zahlen ab 2011 auf die Fortschreibung auf Basis des Zensus 2011 beziehen.","Fortschreibung des Bevölkerungsstandes des Bundes und der Länder, Flächenerhebung nach Art der tatsächlichen Nutzung der Statistischen Ämter des Bundes und der Länder",x,2017-2020,x
15110,151100,Bevölkerungsentwicklung,Entwicklung der Zahl der Einwohner über die letzten 5 Jahre in %,(E <aktueller Zeitpunkt> - E <Ausgangszeitpunkt>) / E <Ausgangszeitpunkt> x 100,"Berechnet ist die Veränderung der Bevölkerung über die jeweils letzten 5 Jahre. Bei der Bevölkerung ist zu beachten, dass sich die Zahlen ab 2011 auf die Fortschreibung auf Basis des Zensus 2011 beziehen.",Fortschreibung des Bevölkerungsstandes des Bundes und der Länder,x,2017-2020,x
15111,151110,Siedlungs- und Verkehrsfläche,Anteil der Siedlungs- und Verkehrsfläche an der Fläche in %,Siedlungs- und Verkehrsfläche <Zeitpunkt> / Fläche <Zeitpunkt> x 100,"Der Indikator benennt den Anteil der Gebietsfläche, die für Siedlungszwecke beansprucht wird. Siedlungs- und Verkehrsfläche ist nicht gleichzusetzen mit versiegelter Fläche. Zur Siedlungsfläche zählen die Nutzungsarten Wohnbaufläche, Industrie- und Gewerbefläche, Öffentliche Einrichtungen sowie Erholungsfläche und Friedhöfe, abzüglich der Flächen für Bergbaubetrieb und Tagebau (sogenanntes Abbauland). Die Verkehrsfläche setzt sich aus den vier Unterarten Straßen- und Wegeverkehr, Bahn-, Flug- und Schiffsverkehr zusammen. Dementsprechend bezieht sich der Indikator nicht allein auf die versiegelte Fläche, sondern erfasst auch unbebaute und nicht versiegelte Flächen wie Hausgärten, Parks, Grünanlagen, Straßenbegleitgrün etc. Anteilswerte an der Gebietsfläche sind immer abhängig vom (administrativen) Zuschnitt der Gebietseinheit. Die Flächen werden von der Statistik in ha ausgewiesen. Die Erhebung basiert ab 2016 auf dem Amtlichen Liegenschaftskataster-Informationssystem (ALKIS), vor 2016 auf einer Auswertung des Liegenschaftskatasters, zuletzt der Automatisierten Liegenschaftsbücher (ALB). Durch die Änderung der Erfassungsgrundlage ist die Vergleichbarkeit der Daten ab 2016 mit den Vorjahren aus methodischen Gründen erheblich eingeschränkt.",Flächenerhebung nach Art der tatsächlichen Nutzung des Bundes und der Länder,x,2017-2020,x
15112,151120,Siedlungsdichte in km²,Einwohner je km² Siedlungs- und Verkehrsfläche,E <Zeitpunkt> /Siedlungs- und Verkehrsfläche <Zeitpunkt>,"Die Siedlungsdichte beziffert, wieviele Einwohner pro km² Siedlungs- und Verkehrsfläche leben und gibt Hinweise auf die Effizien der Siedlungsflächennutzung. Er ist einer der drei Indikatoren der Deutschen Nachhaltigkeitsstrategie zur nachhaltigen Flächennutzung. Im Gegensatz zur Einwohnerdichte bezieht sich dieser Dichteindikator also nur auf die für Siedlungszwecke relevanten Flächen. Siedlungs- und Verkehrsfläche ist nicht gleichzusetzen mit versiegelter Fläche. Zur Siedlungs-fläche zählen die Nutzungsarten Wohnbaufläche, Industrie- und Gewerbefläche, Öffentliche Einrichtungen sowie Erholungsfläche und Friedhöfe, abzüglich der Flächen für Bergbaubetrieb und Tagebau (sogenanntes Abbauland). Die Verkehrsfläche setzt sich aus den vier Unterarten Straßen- und Wegeverkehr, Bahn-, Flug- und Schiffsverkehr zusammen. Dementsprechend bezieht sich der Indikator nicht allein auf die versiegelte Fläche, sondern erfasst auch unbebaute und nicht versiegelte Flächen wie Hausgärten, Parks, Grünanlagen, Straßenbegleitgrün etc. Die Erhebung basiert ab 2016 auf dem Amtlichen Liegenschaftskataster-Informationssystem (ALKIS), vor 2016 auf einer Auswertung des Liegenschaftskatasters, zuletzt der Automatisierten Liegenschaftsbücher (ALB). Durch die Änderung der Erfassungsgrundlage ist die Vergleichbarkeit der Daten ab 2016 mit den Vorjahren aus methodischen Gründen erheblich eingeschränkt. Die Flächen werden von der Statistik in ha ausgewiesen. Bei der Bezugsgröße der Einwohner ist zu beachten, dass sich die Zahlen vor 2011 auf die Fortschreibung auf Basis der Volkszählung 1987 (BRD) und 1981 (DDR) und ab 2011 auf die Fortschreibung auf Basis des Zensus 2011 beziehen.",Flächenerhebung nach Art der tatsächlichen Nutzung des Bundes und der Länder,x,2017-2020,x
,,Öffentliche Verwaltungsfunktion,,,,,,,
15201,152010,Gemeindeverwaltungen,Anzahl Gemeinde- bzw. Gemeindeverbandsverwaltungen,Anzahl Gemeinde- bzw. Gemeindeverbandsverwaltungen,"Die Gemeindeverwaltung ist die Gesamtheit aller Organe, Ämter und Behörden einer Gemeinde. Sie übernimmt die hoheitlichen Aufgaben für die kleinste administrative Ebene der Gemeinden.",Gemeindeverzeichnis des Statistischen Bundesamtes und eigene Recherchen,x,2017!. 2019,
15202,152020,Kreisverwaltungen,Anzahl Kreisverwaltungen,Anzahl Kreisverwaltungen,Die Kreisverwaltung erfüllt übergeordnete Aufgaben und steht an der Schnittstelle zwischen kommunaler Ebene mit den kreisangehörigen Gemeinden und der Landesebene. Die Kreisverwaltung hat kommunale und staatliche Planungsfunktionen inne.,Gemeindeverzeichnis des Statistischen Bundesamtes und eigene Recherchen,x,2017!. 2019,
15203,152030,Finanzämter,Anzahl  Finanzämter mit Besuchsverkehr,Anzahl  Finanzämter mit Besuchsverkehr,"Enthalten sind Finanzämter, die öffentlich zugänglich sind. Spezialeinrichtungen, etwa Einrichtungen der Steuerfahndung, sind nicht enthalten.",Finanzamtsuche des Bundeszentralamts für Steuern ,x,2018,
15204,152040,Polizeidienststellen,Anzahl  Polizeidienststellen,Anzahl  Polizeidienststellen,"Es handelt sich i.d. Regel um Polizeidienststellen mit Publikumsverkehr (also z.B. ohne Dienststellen der Autobahnpolizei etc.). Die Daten wurde im Vergleich zum Datenstand 2017 einer Revision unterzogen und werden ab dem Zeitbezug 2019 angeboten, jedoch nicht mehr für vergangene Zeitbezüge.",Zulieferungen der Länder und eigene Recherchen,x,2019,
15205,152050,"Polizeidienststellen, teilweise besetzt","Anzahl Polizeidienststellen die nicht täglich durchgehend erreichbar, sondern nur stundenweise besetzt sind","Anzahl Polizeidienststellen die nicht täglich durchgehend erreichbar, sondern nur stundenweise besetzt sind","Die Besetzung der Polizeidienststellen richtet sich in der Regel nach der Größe ihres Aufgabenbereichs. Dabei handelt es sich meistens um Polizeidienststellen mit Publikumsverkehr (also z.B. ohne Dienststellen der Autobahnpolizei etc.). Die Daten wurde im Vergleich zum Datenstand 2017 einer Revision unterzogen und werden ab dem Zeitbezug 2019 angeboten, jedoch nicht mehr für vergangene Zeitbezüge.",Zulieferungen der Länder und eigene Recherchen,x,2019,
15206,152060,"Polizeidienststellen, durchgehend besetzt",Anzahl Polizeidienststellen die täglich durchgehend mit Polizisten besetzt und erreichbar sind,Anzahl Polizeidienststellen die täglich durchgehend mit Polizisten besetzt und erreichbar sind,"Die Besetzung der Polizeidienststellen richtet sich in der Regel nach der Größe ihres Aufgabenbereichs. Dabei handelt es sich meistens um Polizeidienststellen mit Publikumsverkehr (also z.B. ohne Dienststellen der Autobahnpolizei etc.). Die Daten wurde im Vergleich zum Datenstand 2017 einer Revision unterzogen und werden ab dem Zeitbezug 2019 angeboten, jedoch nicht mehr für vergangene Zeitbezüge.",Zulieferungen der Länder und eigene Recherchen,x,2019,
15207,152070,Arbeitsmarktverwaltungseinrichtungen,Anzahl  Arbeitsmarktverwaltungen,Anzahl  Arbeitsmarktverwaltungen,"Die Arbeitsmarktverwaltung setzt sich zusammen aus Jobcentern, Geschäftsstellen der Agentur für Arbeit sowie Agenturen für Arbeit oder Regionaldirektionen.",POI des BKG,x,2021,
15208,152080,Jobcenter,Anzahl Jobcenter,Anzahl Jobcenter,Jobcenter sind Einrichtungen der Bundesagentur für Arbeit oder eines kommunalen Trägers und werden teilweise gemeinschaftlich geführt. Sie sind zuständig für die Durchführung der Grundsicherung nach SGBII für Arbeitssuchende.,POI des BKG,x,2021,
15209,152090,Arbeitsagenturen,Anzahl  Geschäftststellen und Agenturen für Arbeit,Anzahl  Geschäftststellen und Agenturen für Arbeit,Jeder Agentur für Arbeit sind in der Regel mehrere Geschäftsstellen zugeordnet. Geschäftsstellen sind die regionalen Anlaufstellen der Bundesagentur für Arbeit.,POI des BKG,x,2021,
15210,152100,Sonstige Arbeitsmarktverwaltungseinrichtungen,Sonstige Arbeitsmarktverwaltungseinrichtungen,Sonstige Arbeitsmarktverwaltungseinrichtungen,"Die Kategorie Sonstige Arbeitsmarktverwaltungseinrichtungen setzt sich zusammen aus spezielleren Einrichtungen. Dazu zählen besondere Dienststellen, Familienkassen, Regionaldirektionen und die Zentrale.",POI des BKG,x,2021,
15211,152110,Gerichte,Anzahl Gerichte,Anzahl der Gerichte,"Es handelt sich um die Gesamtzahl der Gerichte in der Ordentlichen Gerichtsbarkeit, d.h. Amtsgerichte, Landgerichte und Oberlandesgerichte. Die Daten auf Gemeindeebene stammen aus der 'Points of Interest' (POI) Datenbank des BKG. Fehlende und unvollständige Daten wurden durch Eigenrecherche ergänzt.",POI des BKG und Eigenrecherche,x,"2018, 2019, 2020",
15212,152120,Amtsgerichte,Anzahl Amtsgerichte,Anzahl Amtsgerichte,Amtsgerichte zählen zur Ordentlichen Gerichtsbarkeit und sind die Eingangsinstanz. Sie sind zuständig für Zivil- und Strafsachen. Ohne Grundbuchämter. Die Daten auf Gemeindeebene stammen aus der 'Points of Interest' (POI) Datenbank des BKG. Fehlende und unvollständige Daten wurden durch Eigenrecherche ergänzt.,POI des BKG und Eigenrecherche,x,"2018, 2019, 2020",
15213,152130,Nebenstelle eines Amtsgerichts,Anzahl der Nebenstellen von Amtsgerichten,Anzahl der Nebenstellen von Amtsgerichten,"Organisatorisch und funktional eigenständige Außen- und Nebenstellen eines Amtsgerichtes an anderen Standorten aber am auch selben Standort innerhalb eines Amtsgerichtes werden als Nebenstelle geführt. Dazu zählen etwa organisatorisch eigenständige Segmente eines Amtsgerichtes (z.B. Strafsegment AG Hamburg oder Segment Freiwillige Gerichtsbarkeit AG Hamburg), jedoch keine Grundbuchämter. Die Daten auf Gemeindeebene stammen aus der 'Points of Interest' (POI) Datenbank des BKG. Fehlende und unvollständige Daten wurden durch Eigenrecherche ergänzt.",POI des BKG und Eigenrecherche,x,"2018, 2019, 2020",
15214,152140,Landgerichte,Anzahl Landgerichte,Anzahl Landgerichte,"Landgerichte zählen zur Ordentlichen Gerichtsbarkeit und sind, gemeinsam mit den Amtsgerichten, deren Eingangsinstanz. Sie sind zuständig für Handels-, Zivil- und Strafsachen. Die Daten auf Gemeindeebene stammen aus der 'Points of Interest' (POI) Datenbank des BKG. Fehlende und unvollständige Daten wurden durch Eigenrecherche ergänzt.",POI des BKG und Eigenrecherche,x,"2018, 2019, 2020",
15215,152150,Nebenstelle eines Landgerichts,Anzahl der Nebenstellen von Landgerichten,Anzahl der Nebenstellen von Landgerichten,Organisatorisch und funktional eigenständige Außen- und Nebenstellen eines Landgerichtes an anderen Standorten aber auch am selben Standort innerhalb eines Landgerichtes werden als Nebenstelle geführt. Dazu zählen etwa organisatorisch eigenständige Segmente eines Landgerichtes (z.B. Auswärtige Strafkammern). Die Daten auf Gemeindeebene stammen aus der 'Points of Interest' (POI) Datenbank des BKG. Fehlende und unvollständige Daten wurden durch Eigenrecherche ergänzt.,POI des BKG und Eigenrecherche,x,"2018, 2019, 2020",
15216,152160,Oberlandesgerichte,Anzahl Oberlandesgerichte,Anzahl Oberlandesgerichte,"Oberlandesgerichte zählen zur Ordentlichen Gerichtsbarkeit und sind deren höchste Instanz. Sie sind zuständig für Zivil- und Strafsachen sowie länderspezifische Rechtsangelegenheiten. Der Bundesgerichtshof (BGH) in Karlsruhe zählt zu den Oberlandesgerichten, ebenso das Berliner Kammergericht sowie das Bayerische Oberste Landesgericht. Die Daten auf Gemeindeebene stammen aus der 'Points of Interest' (POI) Datenbank des BKG. Fehlende und unvollständige Daten wurden durch Eigenrecherche ergänzt.",POI des BKG und Eigenrecherche,x,"2018, 2019, 2020",
15217,152170,Nebenstelle eines Oberlandesgerichts,Anzahl der Nebenstellen von Oberlandesgerichten,Anzahl der Nebenstellen von Oberlandesgerichten,Organisatorisch und funktional eigenständige Außen- und Nebenstellen eines Oberlandesgerichtes an anderen Standorten aber auch am selben Standort innerhalb eines Oberlandesgerichtes werden als Nebenstelle geführt. Dazu zählen etwa organisatorisch eigenständige Segmente eines Oberlandesgerichtes (z.B. Auswärtige Strafkammern) und der Sitz des BGH in Leipzig. Die Daten auf Gemeindeebene stammen aus der 'Points of Interest' (POI) Datenbank des BKG. Fehlende und unvollständige Daten wurden durch Eigenrecherche ergänzt.,POI des BKG und Eigenrecherche,x,"2018, 2019, 2020",
,,Wirtschafts- und Arbeitsmarktfunktion,,,,,,,
15301,153010,sozialversicherungspflichtig Beschäftigte am Arbeitsort,Anzahl Beschäftigte am Arbeitsort,Anzahl Beschäftigte am Arbeitsort,"Sozialversicherungspflichtig Beschäftigte = (Arbeiter und Angestellte und Personen in beruflicher Ausbildung, die in gesetzlicher Renten-, Kranken- und/oder Arbeitslosenversicherung pflichtversichert sind), also ohne Berücksichtigung von Beamten, Selbständigen, mithelfenden Familienangehörigen, geringfügig Beschäftigten. Insgesamt werden damit nur rund 70% aller Erwerbstätigen erfasst. Trotz dieser Einschränkung werden die sozialversicherungspflichtig Beschäftigten als Maß der dem Arbeitsmarkt zur Verfügung stehenden Arbeitsplätze verwendet. Es handelt sich um SV Beschäftigte am Arbeitsort.",Beschäftigtenstatistik der Bundesagentur für Arbeit,x,2017-2020,
15302,153020,sozialversicherungspflichtig Beschäftigte am Wohnort,Anzahl Beschäftigte am Wohnort,Anzahl Beschäftigte am Wohnort,"Sozialversicherungspflichtig Beschäftigte = (Arbeiter und Angestellte und Personen in beruflicher Ausbildung, die in gesetzlicher Renten-, Kranken- und/oder Arbeitslosenversicherung pflichtversichert sind), also ohne Berücksichtigung von Beamten, Selbständigen, mithelfenden Familienangehörigen, geringfügig Beschäftigten. Insgesamt werden damit nur rund 70% aller Erwerbstätigen erfasst. Trotz dieser Einschränkung werden die sozialversicherungspflichtig Beschäftigten als Maß der dem Arbeitsmarkt zur Verfügung stehenden Arbeitsplätze verwendet. Es handelt sich um SV Beschäftigte am Wohnort.",Beschäftigtenstatistik der Bundesagentur für Arbeit,x,2017-2020,
15303,153030,Beschäftigtendichte (AO),Beschäftigte am Arbeitsort je 1000 Einwohner,sv Beschäftigte am AO <Zeitpunkt> x 1000 / E <Zeitpunkt>,"Sozialversicherungspflichtig Beschäftigte = (Arbeiter und Angestellte und Personen in beruflicher Ausbildung, die in gesetzlicher Renten-, Kranken- und/oder Arbeitslosenversicherung pflichtversichert sind), also ohne Berücksichtigung von Beamten, Selbständigen, mithelfenden Familienangehörigen, geringfügig Beschäftigten. Insgesamt werden damit nur rund 70% aller Erwerbstätigen erfasst. Trotz dieser Einschränkung werden die sozialversicherungspflichtig Beschäftigten als Maß der dem Arbeitsmarkt zur Verfügung stehenden Arbeitsplätze verwendet. Es handelt sich um SV Beschäftigte am Arbeitsort.",Beschäftigtenstatistik der Bundesagentur für Arbeit,x,2017-2020,x
15304,153040,Beschäftigtendichte (WO),Beschäftigte am Wohnort je 1000 Einwohner,sv Beschäftigte am WO <Zeitpunkt> x 1000 / E <Zeitpunkt>,"Sozialversicherungspflichtig Beschäftigte = (Arbeiter und Angestellte und Personen in beruflicher Ausbildung, die in gesetzlicher Renten-, Kranken- und/oder Arbeitslosenversicherung pflichtversichert sind), also ohne Berücksichtigung von Beamten, Selbständigen, mithelfenden Familienangehörigen, geringfügig Beschäftigten. Insgesamt werden damit nur rund 70% aller Erwerbstätigen erfasst. Trotz dieser Einschränkung werden die sozialversicherungspflichtig Beschäftigten als Maß der dem Arbeitsmarkt zur Verfügung stehenden Arbeitsplätze verwendet. Es handelt sich um SV Beschäftigte am Wohnort.",Beschäftigtenstatistik der Bundesagentur für Arbeit,x,2017-2020,x
15305,153050,sozialversicherungspflichtig Beschäftigte Einpendler,Anzahl Einpendler,Anzahl Einpendler,"Pendlerdaten (nur Berufspendler, keine Ausbildungs- und Freizeitpendler), die aus einer Auswertung der BA-Statistik der sozialversicherungspflichtig Beschäftigten nach Wohn- und Arbeitsort gewonnen werden. Indikator für unterschiedliche Bedeutung der Raumeinheiten als Wohn- oder Arbeitsplatzstandort.",Beschäftigtenstatistik der Bundesagentur für Arbeit,x,2017-2020,
15306,153060,sozialversicherungspflichtig Beschäftigte Auspendler,Anzahl Auspendler,Anzahl Auspendler,"Pendlerdaten (nur Berufspendler, keine Ausbildungs- und Freizeitpendler), die  aus einer Auswertung der BA-Statistik der sozialversicherungspflichtig Beschäftigten nach Wohn- und Arbeitsort gewonnen werden. Indikator für unterschiedliche Bedeutung der Raumeinheiten als Wohn- oder Arbeitsplatzstandort.",Beschäftigtenstatistik der Bundesagentur für Arbeit,x,2017-2020,
15307,153070,sozialversicherungspflichtig Beschäftigte Binnenpendler ,Anzahl Binnenpendler,Anzahl Binnenpendler,,Beschäftigtenstatistik der Bundesagentur für Arbeit,x,2017-2020,
15308,153080,Pendlersaldo,Pendlersaldo je 100 SV Beschäftigte am Arbeitsort,Einpendler <Zeitpunkt> - Auspendler <Zeitpunkt>) / sv Beschäftigte am AO <Zeitpunkt> x 100,"Pendlerdaten (nur Berufspendler, keine Ausbildungs- und Freizeitpendler), die  aus einer Auswertung der BA-Statistik der sozialversicherungspflichtig Beschäftigten nach Wohn- und Arbeitsort gewonnen werden. Indikator für unterschiedliche Bedeutung der Raumeinheiten als Wohn- oder Arbeitsplatzstandort. Sozialversicherungspflichtig Beschäftigte = (Arbeiter und Angestellte und Personen in beruflicher Ausbildung, die in gesetzlicher Renten-, Kranken- und/oder Arbeitslosenversicherung pflichtversichert sind), also ohne Berücksichtigung von Beamten, Selbständigen, mithelfenden Familienangehörigen, geringfügig Beschäftigten. Insgesamt werden damit nur rund 70% aller Erwerbstätigen erfasst. Trotz dieser Einschränkung werden die sozialversicherungspflichtig Beschäftigten als Maß der dem Arbeitsmarkt zur Verfügung stehenden Arbeitsplätze verwendet. Es handelt sich um SV Beschäftigte am Arbeitsort.",Beschäftigtenstatistik der Bundesagentur für Arbeit,x,2017-2020,x
15309,153090,Arbeitsplatzzentralität,Verhältnis der SV-Beschäftigten am Arbeitsort zu den SV-Beschäftigten am Wohnort,sv Beschäftigte am AO <Zeitpunkt> / sv Beschäftigte am WO <Zeitpunkt>,,Beschäftigtenstatistik der Bundesagentur für Arbeit,x,2017-2020,x
15310,153100,Arbeitslosigkeit,Arbeitslosenanteil gemessen an den Personen im erwerbsfähigen Alter,Arbeitslose <Zeitpunkt>  / Erwerbsfähige Bevölkerung (15 bis unter 65 Jahre) <Zeitpunkt> * 100,,Beschäftigtenstatistik der Bundesagentur für Arbeit,x,2017-2020,x
,,Verkehrs- und Kommunikationsfunktion,,,,,,,
15401,154010,ÖV-Haltestellen,Anzahl ÖV-Haltestellen ,Anzahl ÖV-Haltestellen insg.,alle Haltestellen des Öffentlichen Nahverkehrs,"HaCon Ingenieurgesellschaft mbH, Fahrplanabfrage Werktags / Stand: 2020",x,2018!. 2020,
15402,154020,Bahnhaltestellen,Anzahl  Bahnhaltestellen,Anzahl  Bahnhaltestellen,"Haltestellen für ICE, IC, EC, Regionalverkehr","HaCon Ingenieurgesellschaft mbH, Fahrplanabfrage Werktag / Stand: 2020",x,2018!. 2020,
15403,154030,Bushaltestellen,Anzahl Bushaltestellen,Anzahl Bushaltestellen,Haltestellen für Busse des Öffentlichen Nahverkehrs,"HaCon Ingenieurgesellschaft mbH, Fahrplanabfrage Werktag / Stand: 2020",x,2018!. 2020,
15404,154040,U-/Strassenbahnhaltestellen,Anzahl U-/Strassenbahnhaltestellen,Anzahl U-/Strassenbahnhaltestellen,Haltestellen für U- und S-Bahnen,"HaCon Ingenieurgesellschaft mbH, Fahrplanabfrage Werktag / Stand: 2020",x,2018!. 2020,
15405,154050,hochfrequentierte ÖV-Haltestellen,Anzahl der ÖV-Haltestellen  mit einem Mindestangebot von 28 Abfahrten im ÖV an einem Werktag,Anzahl hochfrequentierter ÖV-Haltestellen,Anzahl der Haltestellen des öffentlichen Nahverkehrs insgesamt mit einem Mindestangebot von 28 Abfahrten an einem Werktag.,"HaCon Ingenieurgesellschaft mbH, Fahrplanabfrage Werktag / Stand: 2020",x,2020,
15406,154060,hochfrequentierte Bahnhaltestellen,Anzahl der Bahnhaltestellen mit einem Mindestangebot von 28 Abfahrten im Bahnverkehr an einem Werktag,Anzahl hochfrequentierter Bahnhaltestellen,Anzahl der Bahnhaltestellen mit einem Mindestangebot von 28 Abfahrten im Bahnverkehr an einem Werktag,"HaCon Ingenieurgesellschaft mbH, Fahrplanabfrage Werktag / Stand: 2020",x,2020,
15407,154070,hochfrequentierte Bushaltestellen,Anzahl der Bushaltestellen mit einem Mindestangebot von 28 Abfahrten im Busverkehr an einem Werktag,Anzahl hochfrequentierter Bushaltestellen,Anzahl der Bushaltestellen mit einem Mindestangebot von 28 Abfahrten im Busverkehr an einem Werktag,"HaCon Ingenieurgesellschaft mbH, Fahrplanabfrage Werktag / Stand: 2020",x,2020,
15408,154080,hochfrequentierte U-/Strassenbahnhaltestellen,Anzahl der U- und Straßenbahnhaltestellen mit einem Mindestangebot von 28 Abfahrten im U- und Straßenbahnverkehr an einem Werktag,Anzahl hochfrequentierter U-/Strassenbahnhaltestellen,Anzahl der U- und Straßenbahnhaltestellen mit einem Mindestangebot von 28 Abfahrten im U- und Straßenbahnverkehr an einem Werktag,"HaCon Ingenieurgesellschaft mbH, Fahrplanabfrage Werktag / Stand: 2020",x,2020,
15409,154090,ÖV-Abfahrten,Anzahl  der Abfahrten an ÖV-Haltepunktea an einem Werktag,Anzahl  Abfahrten an ÖV-Haltepunkte,Anzahl  der Abfahrten an ÖV-Haltepunktea an einem Werktag,"HaCon Ingenieurgesellschaft mbH, Fahrplanabfrage Werktag / Stand: 2020",x,2018!. 2020,
15410,154100,Bahn-Abfahrten,Anzahl  der Abfahrten im Bahnverkehr an einem Werktag,Anzahl  Bahn-Abfahrten an ÖV-Haltepunkten,Anzahl  der Abfahrten im Bahnverkehr an einem Werktag,"HaCon Ingenieurgesellschaft mbH, Fahrplanabfrage Werktag / Stand: 2020",x,2018!. 2020,
15411,154110,Bus-Abfahrten,Anzahl  der Abfahrten im Busverkehr an einem Werktag,Anzahl  Bus-Abfahrten an ÖV-Haltepunkten,Anzahl  der Abfahrten im Busverkehr an einem Werktag,"HaCon Ingenieurgesellschaft mbH, Fahrplanabfrage Werktag / Stand: 2020",x,2018!. 2020,
15412,154120,U-/Straßenbahn-Abfahrten,Anzahl  der Abfahrten  im U- und Straßenbahnverkehr an einem Werktag,Anzahl  U-/Straßenbahn-Abfahrten an ÖV-Haltepunkten,Anzahl  der Abfahrten  im U- und Straßenbahnverkehr an einem Werktag,"HaCon Ingenieurgesellschaft mbH, Fahrplanabfrage Werktag / Stand: 2020",x,2018!. 2020,
15413,154130,Erreichbarkeit von IC-/EC-/ICE-Bahnhöfen,Durchschn. Pkw-Fahrzeit zum nächsten IC-/EC-/ICE-Bahnhof in Minuten,"Pkw-Fahrzeit zum nächsten Bahnhof mit IC-, EC- oder ICE-Halt in Minuten <Zeitpunkt>","'Es handelt sich um den flächengewichteten Durchschnittswert der Pkw-Fahrtzeiten zum IC-, EC- oder ICE-Haltepunkt. Bei den ausgewählten Bahnhöfen handelt es sich um alle IC-, EC- und ICE-Systemhalte der DB AG, selbst diejenigen in denen eine Bedienung nur durch einzelne Züge erfolgt. Die Erreichbarkeitsberechnungen des motorisierten Individualverkehrs basieren auf Routensuchen in einem Straßennetzmodell. Die Ermittlung der für Straßentypen zugrunde gelegten Pkw-Geschwindigkeiten erfolgt in Abhängigkeit von Ausbaustand sowie siedlungsstrukturellen und topographischen Gegebenheiten.",Erreichbarkeitsmodell des BBSR / Stand 2020!.  DB Bahn / Stand: Winterfahrplan2020/2021,x,2018!. 2020,x
15414,154140,Erreichbarkeit Autobahnen,Pkw-Fahrzeit zur nächsten Autobahnanschlussstelle in Minuten,Pkw-Fahrzeit zur nächsten Autobahnanschlussstelle in Minuten,'Es handelt sich um den flächengewichteten Durchschnittswert der Pkw-Fahrtzeiten zur nächsten Bundesautobahnanschlussstelle. Die Erreichbarkeitsberechnungen des motorisierten Individualverkehrs basieren auf Routensuchen in einem Straßennetzmodell. Die Ermittlung der für Straßentypen zugrunde gelegten Pkw-Geschwindigkeiten erfolgt in Abhängigkeit von Ausbaustand sowie siedlungsstrukturellen und topographischen Gegebenheiten.,Erreichbarkeitsmodell des BBSR / Stand: 2020,x,2018!. 2020,x
15415,154150,Erreichbarkeit Flughäfen,Pkw-Fahrzeit zum nächsten Hauptverkehrsflughafen inkl. Ausland in Minuten,Pkw-Fahrzeit zum nächsten Hauptverkehrsflughafen inkl. Ausland in Minuten,Es handelt sich um den flächengewichteten Durchschnittswert der Pkw-Fahrtzeiten zum zeitnächsten Hauptverkehrsflughafen. Die Erreichbarkeitsberechnungen des motorisierten Individualverkehrs basieren auf Routensuchen in einem Straßennetzmodell. Die Ermittlung der für Straßentypen zugrunde gelegten Pkw-Geschwindigkeiten erfolgt in Abhängigkeit von Ausbaustand sowie siedlungsstrukturellen und topographischen Gegebenheiten.,"Erreichbarkeitsmodell des BBSR / Stand: 2020!. Hauptverkehrsflughäfen in Deutschland gemäß © Statistisches Bundesamt (Destatis), 2021, Fachserie 8, Reihe 6 Verkehr - Luftverkehr, Juli 2021",x,2018!. 2020,x
15416,154160,Erreichbarkeit KV-Terminal,Lkw-Fahrzeit zum nächsten Terminal für den kombinierten Ladungsverkehr in Minuten,Lkw-Fahrzeit zum nächsten Terminal für den kombinierten Ladungsverkehr in Minuten,Es handelt sich um den flächengewichteten Durchschnittswert der Lkw-Fahrtzeiten zum zeitnächsten nächsten Terminal für den kombinierten Ladungsverkehr. Die Erreichbarkeitsberechnungen des motorisierten Individualverkehrs basieren auf Routensuchen in einem Straßennetzmodell. Die Ermittlung der für Straßentypen zugrunde gelegten Pkw-Geschwindigkeiten erfolgt in Abhängigkeit von Ausbaustand sowie siedlungsstrukturellen und topographischen Gegebenheiten.,"Erreichbarkeitsmodell des BBSR / Stand: 2020!. Intermodal Map , SGKV e. V. / Stand: 2020",x,2018!. 2020,x
15417,154170,Erreichbarkeit von Mittelzentren,Pkw-Fahrzeit zum nächsten Mittel- oder Oberzentrum in Minuten,Pkw-Fahrzeit zum nächsten Mittel- oder Oberzentrum in Minuten,Es handelt sich um den flächengewichteten Durchschnittswert der Pkw-Fahrtzeiten zum zeitnächsten Oberzentrum oder Mittelzentrum. Die Erreichbarkeitsberechnungen des motorisierten Individualverkehrs basieren auf Routensuchen in einem Straßennetzmodell. Die Ermittlung der für Straßentypen zugrunde gelegten Pkw-Geschwindigkeiten erfolgt in Abhängigkeit von Ausbaustand sowie siedlungsstrukturellen und topographischen Gegebenheiten.,Erreichbarkeitsmodell des BBSR / Stand: 2020!. ,x,2018!. 2020,x
15418,154180,Erreichbarkeit von Oberzentren,Pkw-Fahrzeit zum nächsten Oberzentrum in Minuten,Pkw-Fahrzeit zum nächsten Oberzentrum in Minuten,Es handelt sich um den flächengewichteten Durchschnittswert der Pkw-Fahrtzeiten zum zeitnächsten Oberzentrum. Die Erreichbarkeitsberechnungen des motorisierten Individualverkehrs basieren auf Routensuchen in einem Straßennetzmodell. Die Ermittlung der für Straßentypen zugrunde gelegten Pkw-Geschwindigkeiten erfolgt in Abhängigkeit von Ausbaustand sowie siedlungsstrukturellen und topographischen Gegebenheiten.,Erreichbarkeitsmodell des BBSR / Stand: 2020,x,2018!. 2020,x
15419,154190,Breitbandversorgung mit 16 Mbit/s in %,Anteil der Haushalte mit Breitbandversorgung mit 16 Mbit/s in %,Haushalte mit Breitbandversorgung mit 16 Mbit/s <Zeitpunkt> /Haushalte <Zeipunkt> *100,"Der Indikator stellt den Anteil der Haushalte dar, die mit mindestens 16 Mibit/s Breitbandinternet aller Technologien versorgt werden können. Die Daten stammen aus einer Erhebung des TÜV Rheinland und sind nur für den Zeitbezug 2017 verfügbar.",TÜV Rheinland Consulting GmbH / Stand: 2017,x,2017,x
15420,154200,Breitbandversorgung mit 50 Mbit/s in %,Anteil der Haushalte mit Breitbandversorgung mit 50 Mbit/s in %,Haushalte mit Breitbandversorgung mit 50 Mbit/s <Zeitpunkt> /Haushalte <Zeipunkt> *100,"Der Indikator stellt den Anteil der Haushalte dar, die mit mindestens 50 Mibit/s Breitbandinternet aller Technologien versorgt werden können. Die Daten stammen ab dem Jahr 2020 aus einer Erhebung von atene KOM im Auftrag des BMVI. Eine Vergleichbarkeit mit den Daten der Vorjahre, die durch den TÜV Rheinland erhoben wurden, ist daher nur eingeschränkt möglich.","TÜV Rheinland Consulting GmbH / Stand: 2017, BMVI / atene KOM / Stand: 2020",x,2017!. 2020,x
15421,154210,Breitbandversorgung mit 100 Mbit/s in %,Anteil der Haushalte mit Breitbandversorgung mit 100 Mbit/s in %,Haushalte mit Breitbandversorgung mit 100 Mbit/s <Zeitpunkt> /Haushalte <Zeipunkt> x 100,"Der Indikator stellt den Anteil der Haushalte dar, die mit mindestens 100 Mibit/s Breitbandinternet aller Technologien versorgt werden können. Die Daten stammen ab dem Jahr 2020 aus einer Erhebung von atene KOM im Auftrag des BMVI. Eine Vergleichbarkeit mit den Daten der Vorjahre, die durch den TÜV Rheinland erhoben wurden, ist daher nur eingeschränkt möglich.","TÜV Rheinland Consulting GmbH / Stand: 2017, BMVI / atene KOM / Stand: 2020",x,2017!. 2020,x
15422,154220,Breitbandversorgung mit 1000 Mbit/s in %,Anteil der Haushalte mit Breitbandversorgung mit 1000 Mbit/s in %,Haushalte mit Breitbandversorgung mit 1000 Mbit/s <Zeitpunkt> /Haushalte <Zeipunkt> x 100,"Der Indikator stellt den Anteil der Haushalte dar, die mit mindestens 1000 Mibit/s Breitbandinternet aller Technologien versorgt werden können. Die Daten stammen ab dem Jahr 2020 aus einer Erhebung von atene KOM im Auftrag des BMVI.",BMVI / atene KOM / Stand: 2020,x,2020,x
15423,154230,Breitbandversorgung mit mind. 6 Mbit/s (4G-LTE) Mbit/s in %,Anteil der Haushalte mit Breitbandversorgung mit mind. 6 MBit/s (4G-LTE) in %,Haushalte mit Breitbandversorgung mit 6 Mbit/s (4G-LTE) <Zeitpunkt> /Haushalte <Zeipunkt> x 100,"Der Indikator stellt den Anteil der Haushalte dar, die mit mindestens 6 Mibit/s Breitbandinternet der 4G-LTE Technologie versorgt werden können. Die Daten stammen ab dem Jahr 2020 aus einer Erhebung von atene KOM im Auftrag des BMVI.",BMVI / atene KOM / Stand: 2020,x,2020,x
,,Gesundheitsversorgungsfunktion,,,,,,,
15501,155010,Krankenhäuser insgesamt,Anzahl Krankenhäuser,Anzahl Krankenhäuser pro Gemeinde,"Es handelt sich um alle Krankenhäuser, die an die allgemeine medizinische Versorgung der Bevölkerung angebunden sind (ohne Hospize). Auch Rehabilitationskliniken und Fachkliniken sind in den Daten enthalten.",Krankenhausverzeichnis des Statistisches Bundesamtes (Destatis)!.  Krankenhaus-Report des Wissenschaftlichen Instituts der AOK (WIdO),x,2019,
15502,155020,Krankenhäuser unter Grundversorgung,"Anzahl Krankenhäuser unter der Kategorie ""Grundversorgung""","Anzahl Krankenhäuser unter der Kategorie ""Grundversorgung""","Ziel ist es, die medizinische Versorgung der verschiedenen Krankenhäuser bundesweit einheitlich zu vergleichen. Da die Krankenhäuser unterschiedliche Leistungen und Spezialisierungen anbieten, werden sie hier in medizinische Versorgungsstufen eingestuft. In die Kategorie ""unter Grundversorgung"" fallen Krankenhäuser, die weder über eine Innere Medizin, noch über eine Allgemeine Chirurgie verfügen und somit die Kategorie Grundversorgung nicht erfüllen. Sie ergibt sich aus der Differenz der Krankenhäuser in den Versorgungsstufen zu der Gesamtanzahl der Krankenhäuser.  Die Einstufung wurde nach bundeseinheitlichen Kriterien in Anlehnung an das Bundesministerium für Gesundheit vorgenommen. Sie kann daher von der Einstufung der einzelnen Krankenhäuser in den Krankenhausplänen der Länder abweichen.",Krankenhausverzeichnis des Statistisches Bundesamtes (Destatis)!. Krankenhaus-Report des Wissenschaftlichen Instituts der AOK (WIdO),x,2019,
15503,155030,Krankenhäuser mit Grundversorgung,"Anzahl Krankenhäuser der Kategorie ""Grundversorgung""","Anzahl Krankenhäuser der Kategorie ""Grundversorgung""","Ziel ist es, die medizinische Versorgung der verschiedenen Krankenhäuser bundesweit einheitlich zu vergleichen. Da die Krankenhäuser unterschiedliche Leistungen und Spezialisierungen anbieten, werden sie hier in medizinische Versorgungsstufen eingestuft. Krankenhäuser der Kategorie Grundversorgung verfügen mindestens über eine Station der Inneren Medizin und der Allgemeinen Chirurgie. Die Einstufung wurde nach bundeseinheitlichen Kriterien in Anlehnung an das Bundesministerium für Gesundheit vorgenommen. Sie kann daher von der Einstufung der einzelnen Krankenhäuser in den Krankenhausplänen der Länder abweichen.",Krankenhausverzeichnis des Statistisches Bundesamtes (Destatis)!. Krankenhaus-Report des Wissenschaftlichen Instituts der AOK (WIdO),x,2019,
15504,155040,Krankenhäuser mit Regelversorgung,"Anzahl Krankenhäuser der Kategorie ""Regelversorgung""","Anzahl Krankenhäuser der Kategorie ""Regelversorgung""","Ziel ist es, die medizinische Versorgung der verschiedenen Krankenhäuser bundesweit einheitlich zu vergleichen. Da die Krankenhäuser unterschiedliche Leistungen und Spezialisierungen anbieten, werden sie hier in medizinische Versorgungsstufen eingestuft. Krankenhäuser der Regelversorgung erfüllen die Anforderungen an die Grundversorgung und verfügen darüber hinaus zusätzlich über eine Gynäkologie und Geburtshilfe sowie eine HNO-Station oder eine Augenheilkunde oder eine Orthopädie. Die Einstufung wurde nach bundeseinheitlichen Kriterien in Anlehnung an das Bundesministerium für Gesundheit vorgenommen. Sie kann daher von der Einstufung der einzelnen Krankenhäuser in den Krankenhausplänen der Länder abweichen.",Krankenhausverzeichnis des Statistisches Bundesamtes (Destatis)!. Krankenhaus-Report des Wissenschaftlichen Instituts der AOK (WIdO),x,2019,
15505,155050,Krankenhäuser mit Schwerpunktversorgung,"Anzahl Krankenhäuser der Katgeorie ""Schwerpunktversorgung""","Anzahl Krankenhäuser der Katgeorie ""Schwerpunktversorgung""","Ziel ist es, die medizinische Versorgung der verschiedenen Krankenhäuser bundesweit einheitlich zu vergleichen. Da die Krankenhäuser unterschiedliche Leistungen und Spezialisierungen anbieten, werden sie hier in medizinische Versorgungsstufen eingestuft. Krankenhäuser der Schwerpunktversorgung erfüllen die Anforderungen an die Regelversorgung und verfügen darüber hinaus zusätzlich über eine Pädiatrie und Neurologie. Die Einstufung wurde nach bundeseinheitlichen Kriterien in Anlehnung an das Bundesministerium für Gesundheit vorgenommen. Sie kann daher von der Einstufung der einzelnen Krankenhäuser in den Krankenhausplänen der Länder abweichen.",Krankenhausverzeichnis des Statistisches Bundesamtes (Destatis)!. Krankenhaus-Report des Wissenschaftlichen Instituts der AOK (WIdO),x,2019,
15506,155060,Krankenhäuser mit Maximalversorgung,"Anzahl Krankenhäuser der Katgeorie ""Maximalversorgung""","Anzahl Krankenhäuser der Katgeorie ""Maximalversorgung""","Ziel ist es, die medizinische Versorgung der verschiedenen Krankenhäuser bundesweit einheitlich zu vergleichen. Da die Krankenhäuser unterschiedliche Leistungen und Spezialisierungen anbieten, werden sie hier in medizinische Versorgungsstufen eingestuft. Die Einstufung wurde nach bundeseinheitlichen Kriterien in Anlehnung an das Bundesministerium für Gesundheit vorgenommen. Sie kann daher von der Einstufung der einzelnen Krankenhäuser in den Krankenhausplänen der Länder abweichen.",Krankenhausverzeichnis des Statistisches Bundesamtes (Destatis)!. Krankenhaus-Report des Wissenschaftlichen Instituts der AOK (WIdO),x,2019,
15507,155070,Krankenhausbetten,Anzahl  Krankenhausbetten,Anzahl Krankenhausbetten,Der Datensatz enthält Daten zu den aufgestellten Betten in den Krankenhäusern. Insbesondere große Krankenhäuser halten viele Betten vor.,Krankenhausverzeichnis des Statistisches Bundesamtes (Destatis)!. Krankenhaus-Report des Wissenschaftlichen Instituts der AOK (WIdO),x,2019,
15508,155080,Krankenhausbetten je 1.000 Einwohner,Krankenhausbetten je 1.000 Einwohner,Krankenhausbetten <Zeitpunkt> / E <Zeitpunkt> x 1000,Indikator für den Grad der medizinischen Versorgung in der Region. Er setzt sich zusammen aus der Zahl der Krankenhausbetten in Relation zur Einwohnerzahl.,Krankenhausverzeichnis des Statistisches Bundesamtes (Destatis)!. Krankenhaus-Report des Wissenschaftlichen Instituts der AOK (WIdO),x,2019,x
15509,155090,Höchste Versorgungsstufe der Krankenhäuser,Höchste medizinische Versorgungsstufe je Gemeinde,Aggregation auf alle innerhalb einer Gemeinde liegenden Stationen,"Die höchste medizinische Versorgungsstufe innerhalb einer Gemeinde umfasst alle innerhalb einer Gemeinde liegenden Stationen, unabhängig davon, in welchem Krankenhaus die Stationen integriert sind. So können sich ergänzende Angebote verschiedener Krankenhäuser eine höhere medizinische Versorgung sicherstellen, als ein einzelnes Haus. Die folgenden medizinischen Versorgungsstufen wurden je Gemeinde berechnet:- unter Grundversorgung (VS1): erfüllen nicht die Bedingung für Grundversorgung (VS 2)- Grundversorgung (VS2): mindestens eine Station der Inneren Medizin (z.B. Kardiologie) und Allgemeinen Chirurgie sowie Gemeinden mit einer Universitätsklinik- Regelversorgung (VS3): mindestens Grundversorgung, darüber hinaus eine Station der Gynäkologie (Frauenheilkunde) und Geburtshilfe sowie eine der folgenden Stationen: Hals-Nasen-Ohren-Heilkunde (HNO) oder Augenheilkunde oder Orthopädie sowie Gemeinden mit einer Universitätsklinik- Schwerpunktversorgung (VS4): mindestens Regelversorgung, darüber hinaus eine Station der Pädiatrie (Kinderheilkunde) und Neurologie sowie Gemeinden mit einer Universitätsklinik- Maximalversorgung (VS5): mindestens Schwerpunktversorgung, darüber hinaus eine Station der Nuklearmedizin sowie Gemeinden mit einer UniversitätsklinikIn den Ländern werden Krankenhäuser ebenfalls nach dem föderalen Prinzip anhand unterschiedlicher Kriterien durch die Krankenhausplanung in Versorgungsstufen eingestuft. Um die bundesweite Vergleichbarkeit der Daten zu ermöglichen, kann sich die durch das BBSR vorgenommene Einstufung von der Einstufung in den Ländern unterscheiden.Wichtig: Die Einstufung bezieht alle innerhalb einer Gemeinde liegenden Stationen in die Berechnung mit ein und kann daher Stationen in unterschiedlichen Krankenhäusern umfassen.Der Indikator wurde im Vergleich zum Datenstand 2017 einer Revision unterzogen und wird nur noch auf Gemeindeebene und für den aktuellen Zeitbezug, jedoch nicht mehr für vergangene Zeitbezüge angeboten. Für höhere räumliche Aggregationen kann der Indikator nicht valide ermittelt werden und wird deshalb nicht dargestellt.",Krankenhausverzeichnis des Statistisches Bundesamtes (Destatis)!. Krankenhaus-Report des Wissenschaftlichen Instituts der AOK (WIdO),x (nur Gemeindeebene),2019,
15510,155100,Apotheken,Anteil Einwohner mit max. 1km Luftliniendistanz zur nächsten Apotheke,Anteil Einwohner mit max. 1km Luftliniendistanz zur nächsten Apotheke,Indikator zur fußläufigen Erreichbarkeit der nächsten Apotheke. Enthält die einwohnergewichtete Luftliniendistanzen und den Einwohneranteil im Nahbereich. Der Nahbereich ist mit max. 1000m Luftliniendistanz definiert. Als Datengrundlage dienen adressgenaue Standortdaten von Infrastruktureinrichtungen sowie ein Messpunktgitter mit kleinräumig geschätzten Einwohnerzahlen im Abstand von 100m. Bei der Luftlinienermittlung dienen Gewässerflächen des ATKIS Basis DLM als Barrieren. Brücken und Unterführungen (Straße) sind als Unterbrechungen der Barriere berücksichtigt. Die Luftlinien sind anhand der Einwohnerzahlen am Messpunktgitter auf Gemeinden und weitere Raumbezüge aggregiert (einwohnergewichtete Luftliniendistanz). Der Einwohneranteil im Nahbereich errechnet sich aus der Summe der Einwohnerzahlen im Messpunktgitter bei Distanzwerten bis max. 1000m im Verhältnis zur Gesamtbevölkerung der Gemeinde. Weitere Informationen siehe BBSR Analysen KOMPAKT 10/2015. Standortdaten sind teils lückenhaft. Nicht für Rankings oder kleinräumige Vergleiche geeignet.,"Nahversorgungsmodell des BBSR, Adressendiscount (2017), infas360 (kleinräumige Bevölkerungszahlen Stand 2016)",x,2017!. 2021,x
15511,155110,Ärzte,Ärzte je 10.000 Einwohner,Ärzte <Zeitpunkt> / E <Zeitpunkt> x 10.000,"Niedergelassene Ärzte insgesamt ohne Psychologische Psychotherapeuten!. inkl. Angestellte. Die Basiszahlen, aus denen die Indikatoren zur ärztlichen Versorgung berechnet wurden, enthalten Missing-Werte (Geheimhaltungsfälle). Diese wurden durch geschätzte Werte ersetzt, was zu voneinander abweichenden Indikatorenwerten der räumlichen Aggregate in den Themenbereichen 'Medizinische Versorgung' (Basis: Kreise) und 'Zentrale Orte Monitoring/Gesundheitsversorgungsfunktion' (Basis: Gemeinden) führt. Die Indikatorenwerte dienen nur zum Vergleich von Größenordnungen, sie sind nicht verbindlich.",Kassenärztliche Bundesvereinigung,x,2017-2020,x
15512,155120,Einwohner je Arzt,Einwohner je Arzt,E <Zeitpunkt> / Ärzte,"Niedergelassene Ärzte insgesamt ohne Psychologische Psychotherapeuten!. inkl. Angestellte. Die Basiszahlen, aus denen die Indikatoren zur ärztlichen Versorgung berechnet wurden, enthalten Missing-Werte (Geheimhaltungsfälle). Diese wurden durch geschätzte Werte ersetzt, was zu voneinander abweichenden Indikatorenwerten der räumlichen Aggregate in den Themenbereichen 'Medizinische Versorgung' (Basis: Kreise) und 'Zentrale Orte Monitoring/Gesundheitsversorgungsfunktion' (Basis: Gemeinden) führt. Die Indikatorenwerte dienen nur zum Vergleich von Größenordnungen, sie sind nicht verbindlich.",Kassenärztliche Bundesvereinigung,x,2017-2020,x
15513,155130,Hausärzte,Hausärzte je 10.000 Einwohner,Hausärzte <Zeitpunkt> / E <Zeitpunkt> x 10.000,"Hausärzte ohne Kinderärzte, inkl. Angestellte. Die Basiszahlen, aus denen die Indikatoren zur ärztlichen Versorgung berechnet wurden, enthalten Missing-Werte (Geheimhaltungsfälle). Diese wurden durch geschätzte Werte ersetzt, was zu voneinander abweichenden Indikatorenwerten der räumlichen Aggregate in den Themenbereichen 'Medizinische Versorgung' (Basis: Kreise) und 'Zentrale Orte Monitoring/Gesundheitsversorgungsfunktion' (Basis: Gemeinden) führt. Die Indikatorenwerte dienen nur zum Vergleich von Größenordnungen, sie sind nicht verbindlich. ",Kassenärztliche Bundesvereinigung,x,2017-2020,x
15514,155140,Allgemeinärzte,Allgemeinärzte je 10.000 Einwohner,Allgemeinärzte <Zeitpunkt> / E <Zeitpunkt> x 10.000,"Hausärztlich tätige Allgemeinmediziner, inkl. Angestellte. Die Basiszahlen, aus denen die Indikatoren zur ärztlichen Versorgung berechnet wurden, enthalten Missing-Werte (Geheimhaltungsfälle). Diese wurden durch geschätzte Werte ersetzt, was zu voneinander abweichenden Indikatorenwerten der räumlichen Aggregate in den Themenbereichen 'Medizinische Versorgung' (Basis: Kreise) und 'Zentrale Orte Monitoring/Gesundheitsversorgungsfunktion' (Basis: Gemeinden) führt. Die Indikatorenwerte dienen nur zum Vergleich von Größenordnungen, sie sind nicht verbindlich. ",Kassenärztliche Bundesvereinigung,x,2017-2020,x
15515,155150,Internisten,Internisten je 10.000 Einwohner,Internisten <Zeitpunkt> / E <Zeitpunkt> x 10.000,"Fachärztlich tätige Internisten, inkl. Angestellte. Die Basiszahlen, aus denen die Indikatoren zur ärztlichen Versorgung berechnet wurden, enthalten Missing-Werte (Geheimhaltungsfälle). Diese wurden durch geschätzte Werte ersetzt, was zu voneinander abweichenden Indikatorenwerten der räumlichen Aggregate in den Themenbereichen 'Medizinische Versorgung' (Basis: Kreise) und 'Zentrale Orte Monitoring/Gesundheitsversorgungsfunktion' (Basis: Gemeinden) führt. Die Indikatorenwerte dienen nur zum Vergleich von Größenordnungen, sie sind nicht verbindlich. ",Kassenärztliche Bundesvereinigung,x,2017-2020,x
15516,155160,Kinderärzte,Kinderärzte je 10.000 Kinder bis zu 15 Jahren,Kinderärzte <Zeitpunkt> / E  0-<15  Jahre <Zeitpunkt> x 10.000,"Kinderärzte inkl. Angestellte. Die Basiszahlen, aus denen die Indikatoren zur ärztlichen Versorgung berechnet wurden, enthalten Missing-Werte (Geheimhaltungsfälle). Diese wurden durch geschätzte Werte ersetzt, was zu voneinander abweichenden Indikatorenwerten der räumlichen Aggregate in den Themenbereichen 'Medizinische Versorgung' (Basis: Kreise) und 'Zentrale Orte Monitoring/Gesundheitsversorgungsfunktion' (Basis: Gemeinden) führt. Die Indikatorenwerte dienen nur zum Vergleich von Größenordnungen, sie sind nicht verbindlich. ",Kassenärztliche Bundesvereinigung,x,2017-2020,x
,,Bildungsversorgungs- und Kulturfunktion,,,,,,,
15601,156010,Hochschulen gesamt,Anzahl Universitäten und Hochschulen ,Anzahl Universitäten und Hochschulen ,"Der Datensatz enthält Daten zur Anzahl der Universitäten und Hochschulen in Deutschland. Gezählt werden staatliche Hochschulen sowie staatlich anerkannte, zumeist private Hochschulen. Darunter fallen etwa Hochschulen für Angewandte Wissenschaften sowie Künstlerische Hochschulen. Von besonderer Bedeutung sind Fachhochschulen aufgrund ihrer Praxisnähe und ihrer vielfältigen Beziehungen zu den regionalen wirtschaftlichen Akteuren.","Fachserie 11, Reihe 4.1, Studierende an Hochschulen des Statistischen Bundesamtes (Wintersemester)",x,2017-2019,
15602,156020,Studierende an Hochschulen,Anzahl Studierende an Universitäten und Hochschulen ,Anzahl Studierende an Universitäten undHochschulen ,"Der Datensatz enthält Daten zur Anzahl der Studierenden an Universitäten und Hochschulen in Deutschland. Gezählt werden Studierende an staatlichen Hochschulen sowie staatlich anerkannten, zumeist privaten Hochschulen. Darunter fallen etwa Hochschulen für Angewandte Wissenschaften sowie Künstlerische Hochschulen. Von besonderer Bedeutung sind Fachhochschulen aufgrund ihrer Praxisnähe und ihrer vielfältigen Beziehungen zu den regionalen wirtschaftlichen Akteuren.","Fachserie 11, Reihe 4.1, Studierende an Hochschulen des Statistischen Bundesamtes (Wintersemester)",x,2017-2019,
15603,156030,Studierende an Hochschulen je 1.000 Einwohner,Studierende an Universitäten und Hochschulen je 1.000 Einwohner,Studierende an Universitäten und Hochschulen <Zeitpunkt> / Einwohner  <Zeitpunkt> x 1000,Bevölkerung 2019: Fortschreibung Zensus 2011. - Indikator für das in der Region ausgebildete Potenzial an hochqualifizierten Arbeitskräften.,"Fachserie 11, Reihe 4.1, Studierende an Hochschulen des Statistischen Bundesamtes (Wintersemester)",x,2017-2019,x
15604,156040,Studierende an Fachhochschulen je 1.000 Einwohner,Studierende an Fachhochschulen je 1.000 Einwohner,Studierende an Fachhochschulen  <Zeitpunkt> / Einwohner  <Zeitpunkt> x 1000,Bevölkerung 2019: Fortschreibung Zensus 2011. - Indikator für das in der Region ausgebildete Potenzial an hochqualifizierten Arbeitskräften. Von besonderer Bedeutung sind Fachhochschulen aufgrund ihrer Praxisnähe und ihrer vielfältigen Beziehungen zu den regionalen wirtschaftlichen Akteuren.,"Fachserie 11, Reihe 4.1, Studierende an Hochschulen des Statistischen Bundesamtes (Wintersemester)",x,2017-2019,x
15605,156050,Grundschulen,Anzahl Grundschulen ,Anzahl Grundschulen ,"Die Daten stammen aus der 'Points of Interest' (POI) Datenbank des BKG. Fehlende und unvollständige Daten wurden durch Eigenrecherche mit Daten der Statistischen Ämter des Bundes und der Länder ergänzt.  Die Zählung der Schulen entspricht der schulartspezifischen Zählung nach der Definition der KMK. Grundschulen im Verbund mit einer weiterführenden Schule, etwa an Waldorfschulen, werden sowohl in der Kategorie ""Grundschule"" als auch in der Kategorie ""Weiterführende Schule"" gezählt.  Die Daten in Baden-Württemberg und Nordrhein-Westfalen für das Schuljahr 2019/2020 sind aufgrund einer anderen Datengrundlage (POI) nur bedingt mit den Daten für das Schuljahr 2018/2019 (Statistisches Landesamt) vergleichbar.",POI des BKG!. Statistische Ämter der Länder und des Bundes,x,2018!. 2019,
15606,156060,Schüler an Grundschulen,Anzahl Schüler an Grundschulen ,Anzahl Schüler in Grundschulen ,"Die Daten stammen aus der 'Points of Interest' (POI) Datenbank des BKG. Fehlende und unvollständige Daten wurden durch Eigenrecherche mit Daten der Statistischen Ämter des Bundes und der Länder ergänzt. Schüler an Grundschulen im Verbund mit einer weiterführenden Schule, z.B. Waldorfschulen, werden jeweils zur Hälfte in der Kategorie „Schüler an Grundschulen“ sowie zu ""Schüler an weiterführenden Schulen"" gezählt. Je nach Land und Schuljahr inklusive des gesamten Vorschulbereichs (z.B. Bremen), inklusive der Schüler an Vorschulklassen (z.B. Hamburg) oder ohne Vorschulbereich (z.B. Bayern), sowie der schulartunabhängigen Orientierungsstufen (z.B. Berlin).  Die Daten in Baden-Württemberg und Nordrhein-Westfalen für das Schuljahr 2019/2020 sind aufgrund einer anderen Datengrundlage (POI) nur bedingt mit den Daten für das Schuljahr 2018/2019 (Statistisches Landesamt) vergleichbar.",POI des BKG!. Statistische Ämter der Länder und des Bundes,x,2018!. 2019,
15607,156070,Schüler an Grundschulen je 1.000 Einwohner,Schüler in Grundschulen je 1.000 Einwohner,Grundschüler   <Zeitpunkt> / Einwohner  <Zeitpunkt> x 1000,"Die Daten stammen aus der 'Points of Interest' (POI) Datenbank des BKG. Fehlende und unvollständige Daten wurden durch Eigenrecherche mit Daten der Statistischen Ämter des Bundes und der Länder ergänzt. Schüler an Grundschulen im Verbund mit einer weiterführenden Schule, z.B. Waldorfschulen, werden jeweils zur Hälfte in der Kategorie „Schüler an Grundschulen“ sowie zu ""Schüler an weiterführenden Schulen"" gezählt. Je nach Land und Schuljahr inklusive des gesamten Vorschulbereichs (z.B. Bremen), inklusive der Schüler an Vorschulklassen (z.B. Hamburg) oder ohne Vorschulbereich (z.B. Bayern), sowie der schulartunabhängigen Orientierungsstufen (z.B. Berlin).  Die Daten in Baden-Württemberg und Nordrhein-Westfalen für das Schuljahr 2019/2020 sind aufgrund einer anderen Datengrundlage (POI) nur bedingt mit den Daten für das Schuljahr 2018/2019 (Statistisches Landesamt) vergleichbar.",POI des BKG!. Statistische Ämter der Länder und des Bundes,x,2018!. 2019,x
15608,156080,Allgemeinbildende Schulen,Anzahl allgemeinbildende Schulen ,Anzahl Allgemeinbildende Schulen ,"Die Daten stammen aus der 'Points of Interest' (POI) Datenbank des BKG. Fehlende und unvollständige Daten wurden durch Eigenrecherche mit Daten der Statistischen Ämter des Bundes und der Länder ergänzt. Die Anzahl der allgemeinbildenden Schulen entspricht der Summe aus Grundschulen und weiterführenden Schulen. Die Zählung der Schulen entspricht der schulartspezifischen Zählung nach der Definition der KMK. Allgemeinbildende Schulen, die eine Grund- und weiterführende Schule im Verbund aufweisen, werden jeweils einmal als ""Grundschule"" und als ""Weiterführende Schule"" und somit insgesamt doppelt gezählt. Dies gilt (bis auf wenige Ausnahmen, z.B. in Hessen) auch für alle Allgemeinbildende Schulen mit Förderschwerpunkt. Sie werden darüber hinaus in der Kategorie ""Allgemeinbildende Schulen mit Förderschwerpunkt"" separat ausgewiesen, diese zählt jedoch nicht zur Summe aller allgemeinbildenden Schulen. Die Daten können Differenzen zu anderen Veröffentlichungen der Statistischen Ämter des Bundes und der Länder aufweisen, etwa durch Zuordnung von Schülern nichtdeutscher Herkunftssprache (Flüchtlingen) auf einzelne Bildungsbereiche sowie nachträgliche Korrekturen. Die Daten in Baden-Württemberg und Nordrhein-Westfalen für das Schuljahr 2019/2020 sind aufgrund einer anderen Datengrundlage (POI) nur bedingt mit den Daten für das Schuljahr 2018/2019 (Statistisches Landesamt) vergleichbar.",POI des BKG!. Statistische Ämter der Länder und des Bundes,x,2018!. 2019,
15609,156090,Schüler an allgemeinbildenden Schulen,Anzahl Schüler in allgemeinbildenden Schulen ,Anzahl Schüler in allgemeinbildenden Schulen ,"Die Daten stammen aus der 'Points of Interest' (POI) Datenbank des BKG. Fehlende und unvollständige Daten wurden durch Eigenrecherche mit Daten der Statistischen Ämter des Bundes und der Länder ergänzt. Die Anzahl der allgemeinbildenden Schulen ist die Summe aus Grundschulen und weiterführenden Schulen. Schüler an allgemeinbildenden Schulen, die eine Grund- und weiterführende Schule im Verbund aufweisen, z.B. Schüler an Waldorfschulen, werden je zur Hälfte als ""Schüler an Grundschulen"" sowie ""Schüler an weiterführenden Schulen"" gezählt. Dies gilt (bis auf wenige Ausnahmen, z.B. in Hessen) auch für alle Schüler an allgemeinbildenden Schulen mit Förderschwerpunkt. Sie werden darüber hinaus in der Kategorie ""Schüler an allgemeinbildenden Schulen mit Förderschwerpunkt"" separat ausgewiesen, diese Zahl zählt jedoch nicht zur Summe aller Schüler an allgemeinbildenden Schulen. Die Daten können Differenzen zu anderen Veröffentlichungen der Statistischen Ämter des Bundes und der Länder aufweisen, etwa durch Zuordnung von Schülern nichtdeutscher Herkunftssprache (Flüchtlingen) auf einzelne Bildungsbereiche sowie nachträgliche Korrekturen. Die Daten in Baden-Württemberg und Nordrhein-Westfalen für das Schuljahr 2019/2020 sind aufgrund einer anderen Datengrundlage (POI) nur bedingt mit den Daten für das Schuljahr 2018/2019 (Statistisches Landesamt) vergleichbar.",POI des BKG!. Statistische Ämter der Länder und des Bundes,x,2018!. 2019,
15610,156100,Schüler an allgemeinbildenden Schulen je 1.000 Einwohner,Schüler in allgemeinbildenden Schulen je 1.000 Einwohner,Allgemeinbildende Schüler / Einwohner x 1000,"Die Daten stammen aus der 'Points of Interest' (POI) Datenbank des BKG. Fehlende und unvollständige Daten wurden durch Eigenrecherche mit Daten der Statistischen Ämter des Bundes und der Länder ergänzt. Die Anzahl der allgemeinbildenden Schulen ist die Summe aus Grundschulen und weiterführenden Schulen. Schüler an allgemeinbildenden Schulen, die eine Grund- und weiterführende Schule im Verbund aufweisen, z.B. Schüler an Waldorfschulen, werden je zur Hälfte als ""Schüler an Grundschulen"" sowie ""Schüler an weiterführenden Schulen"" gezählt. Dies gilt (bis auf wenige Ausnahmen, z.B. in Hessen) auch für alle Schüler an allgemeinbildenden Schulen mit Förderschwerpunkt.. Sie werden darüber hinaus in der Kategorie ""Schüler an allgemeinbildenden Schulen mit Förderschwerpunkt"" separat ausgewiesen, diese Zahl zählt jedoch nicht zur Summe aller Schüler an allgemeinbildenden Schulen. Die Daten können Differenzen zu anderen Veröffentlichungen der Statistischen Ämter des Bundes und der Länder aufweisen, etwa durch Zuordnung von Schülern nichtdeutscher Herkunftssprache (Flüchtlingen) auf einzelne Bildungsbereiche sowie nachträgliche Korrekturen. Die Daten in Baden-Württemberg und Nordrhein-Westfalen für das Schuljahr 2019/2020 sind aufgrund einer anderen Datengrundlage (POI) nur bedingt mit den Daten für das Schuljahr 2018/2019 (Statistisches Landesamt) vergleichbar.",POI des BKG!. Statistische Ämter der Länder und des Bundes,x,2018!. 2019,x
15611,156110,Weiterführende Schulen,Anzahl weiterführende Schulen ,Anzahl Weiterführende Schulen ,Die Daten stammen aus der 'Points of Interest' (POI) Datenbank des BKG. Fehlende und unvollständige Daten wurden durch Eigenrecherche mit Daten der Statistischen Ämter des Bundes und der Länder ergänzt. Die Zählung der Schulen entspricht der schulartspezifischen Zählung nach der Definition der KMK. Enthält weiterführende Schulen ab der Sekundarstufe 1 inklusive weiterführende Schulen im Verbund mit einer Grundschule (z.B. Waldorfschulen) sowie teilweise den schulartunabhängigen Orientierungsstufen (z.B. Bremen).  Die Daten in Baden-Württemberg und Nordrhein-Westfalen für das Schuljahr 2019/2020 sind aufgrund einer anderen Datengrundlage (POI) nur bedingt mit den Daten für das Schuljahr 2018/2019 (Statistisches Landesamt) vergleichbar.,POI des BKG!. Statistische Ämter der Länder und des Bundes,x,2018!. 2019,
15612,156120,Schüler an weiterführenden Schulen,Anzahl Schüler in weiterführenden Schulen ,Anzahl Schüler in weiterführenden Schulen ,Die Daten stammen aus der 'Points of Interest' (POI) Datenbank des BKG. Fehlende und unvollständige Daten wurden durch Eigenrecherche mit Daten der Statistischen Ämter des Bundes und der Länder ergänzt. Enthält Schüler an weiterführenden Schulen ab der Sekundarstufe 1 sowie je zur Hälfte Schüler an weiterführenden Schulen im Verbund mit einer Grundschule (z.B. die Hälfte der Schüler an Waldorfschulen oder allgemeinbildenden Schulen mit Förderschwerpunkt) sowie teilweise Schüler in den schulartunabhängigen Orientierungsstufen (z.B. Bremen).  Die Daten in Baden-Württemberg und Nordrhein-Westfalen für das Schuljahr 2019/2020 sind aufgrund einer anderen Datengrundlage (POI) nur bedingt mit den Daten für das Schuljahr 2018/2019 (Statistisches Landesamt) vergleichbar.,POI des BKG!. Statistische Ämter der Länder und des Bundes,x,2018!. 2019,
15613,156130,Schüler an weiterführenden Schulen je 1.000 Einwohner,Schüler an weiterführenden Schulen je 1.000 Einwohner,Schüler in Weiterführenden Schulen / Einwohner x 1000,Die Daten stammen aus der 'Points of Interest' (POI) Datenbank des BKG. Fehlende und unvollständige Daten wurden durch Eigenrecherche mit Daten der Statistischen Ämter des Bundes und der Länder ergänzt. Enthält Schüler an weiterführenden Schulen ab der Sekundarstufe 1 sowie je zur Hälfte Schüler an weiterführenden Schulen im Verbund mit einer Grundschule (z.B. die Hälfte der Schüler an Waldorfschulen oder allgemeinbildenden Schulen mit Förderschwerpunkt) sowie teilweise Schüler in den schulartunabhängigen Orientierungsstufen (z.B. Bremen).  Die Daten in Baden-Württemberg und Nordrhein-Westfalen für das Schuljahr 2019/2020 sind aufgrund einer anderen Datengrundlage (POI) nur bedingt mit den Daten für das Schuljahr 2018/2019 (Statistisches Landesamt) vergleichbar.,POI des BKG!. Statistische Ämter der Länder und des Bundes,x,2018!. 2019,x
15614,156140,Allgemeinbildende Schulen mit Förderschwerpunkt,Allgemeinbildende Schulen mit Förderschwerpunkt,Anzahl Allgemeinbildende Schulen mit Förderschwerpunkt,"Die Daten stammen aus der 'Points of Interest' (POI) Datenbank des BKG. Fehlende und unvollständige Daten wurden durch Eigenrecherche mit Daten der Statistischen Ämter des Bundes und der Länder ergänzt. Enthält sonderpädagogische Schulen sowie Förderschulen. Die in dieser Kategorie zusätzlich ausgewiesenen Schulen werden zusätzlich im Regelfall als Grund- und als weiterführende Schule gezählt, aus denen sich die Summe der allgemeinbildenden Schulen ergibt. Die ausgewiesene Zahl an allgemeinbildenden Schulen mit Förderschwerpunkt zählt daher nicht zur Summe der allgemeinbildenden Schulen, sondern ist durch die Zählung in den beiden anderen Kategorien abgedeckt. Die Daten in Baden-Württemberg und Nordrhein-Westfalen für das Schuljahr 2019/2020 sind aufgrund einer anderen Datengrundlage (POI) nur bedingt mit den Daten für das Schuljahr 2018/2019 (Statistisches Landesamt) vergleichbar.",POI des BKG!. Statistische Ämter der Länder und des Bundes,x,2018!. 2019,
15615,156150,Schüler an allgemeinbildenden Schulen mit Förderschwerpunkt,Schüler an allgemeinbildenden Schulen mit Förderschwerpunkt,Anzahl Schüler an allgemeinbildenden Schulen mit Förderschwerpunkt,"Die Daten stammen aus der 'Points of Interest' (POI) Datenbank des BKG. Fehlende und unvollständige Daten wurden durch Eigenrecherche mit Daten der Statistischen Ämter des Bundes und der Länder ergänzt. Enthält Schüler an sonderpädagogischen Schulen sowie in Förderklassen und an Förderschulen. Die in dieser Kategorie zusätzlich ausgewiesene Zahl der Schüler wird im Regelfall sowohl zur Hälfte als Schüler an Grund- und an weiterführenden Schulen gezählt, aus denen sich die Summe der Schüler an allgemeinbildenden Schulen ergibt. Die ausgewiesene Zahl der Schüler an allgemeinbildenden Schulen mit Förderschwerpunkt zählt daher nicht zur Summe der Schüler allgemeinbildenden Schulen, sondern ist durch die Zählung in den beiden anderen Kategorien abgedeckt. Die Daten in Baden-Württemberg und Nordrhein-Westfalen für das Schuljahr 2019/2020 sind aufgrund einer anderen Datengrundlage (POI) nur bedingt mit den Daten für das Schuljahr 2018/2019 (Statistisches Landesamt) vergleichbar.",POI des BKG!. Statistische Ämter der Länder und des Bundes,x,2018!. 2019,
15616,156160,Schüler an allgemeinbildenden Schulen mit Förderschwerpunkt je 1.000 Einwohner,Schüler an allgemeinbildenden Schulen mit Förderschwerpunkt je 1.000 Einwohner,Schüler an allgemeinbildenden Schulen mit Förderschwerpunkt / Einwohner x 1000,"Die Daten stammen aus der 'Points of Interest' (POI) Datenbank des BKG. Fehlende und unvollständige Daten wurden durch Eigenrecherche mit Daten der Statistischen Ämter des Bundes und der Länder ergänzt. Enthält Schüler an sonderpädagogischen Schulen sowie in Förderklassen und an Förderschulen. Die in dieser Kategorie zusätzlich ausgewiesene Zahl der Schüler wird im Regelfall sowohl zur Hälfte als Schüler an Grund- und an weiterführenden Schulen gezählt, aus denen sich die Summe der Schüler an allgemeinbildenden Schulen ergibt. Die ausgewiesene Zahl der Schüler an allgemeinbildenden Schulen mit Förderschwerpunkt zählt daher nicht zur Summe der Schüler allgemeinbildenden Schulen, sondern ist durch die Zählung in den beiden anderen Kategorien abgedeckt. Die Daten in Baden-Württemberg und Nordrhein-Westfalen für das Schuljahr 2019/2020 sind aufgrund einer anderen Datengrundlage (POI) nur bedingt mit den Daten für das Schuljahr 2018/2019 (Statistisches Landesamt) vergleichbar.",POI des BKG!. Statistische Ämter der Länder und des Bundes,x,2018!. 2019,x
15617,156170,Berufsbildende Schulen,Anzahl berufsbildende Schulen ,Anzahl Berufsbildende Schulen ,"Berufsschulen haben die Aufgabe, die Allgemeinbildung der Schüler zu vertiefen und die für den Beruf erforderliche fachtheoretische Grundausbildung zu vermitteln. Sie werden in der Regel pflichtgemäß nach Beendigung der neun- bzw. zehnjährigen Vollzeitschulpflicht von Personen besucht, die in der beruflichen Erstausbildung mit/ohne Ausbildungsvertrag oder in einem anderen Arbeitsverhältnis stehen und das 18. Lebensjahr noch nicht vollendet haben. Die Daten auf Gemeindeebene stammen aus der 'Points of Interest' (POI) Datenbank des BKG. Fehlende und unvollständige Daten wurden durch Eigenrecherche mit Daten der Statistischen Landesämter und des Statistischen Bundesamtes ergänzt. Die Daten in Baden-Württemberg und Bayern für das Schuljahr 2019/2020 sind aufgrund einer anderen Datengrundlage (Statistisches Landesamt) nur bedingt mit den Daten für das Schuljahr 2018/2019 (POI) vergleichbar. In der Mehrzahl der Länder inklusive Schulen des Gesundheitswesens (gilt u.a. nicht für Berlin, Hamburg, Bremen).",POI des BKG!. Statistische Ämter der Länder und des Bundes,x,2018!. 2019,
15618,156180,Schüler an berufsbildenden Schulen,Anzahl Schüler in berufsbildenden Schulen ,Anzahl Schüler in berufsbildenden Schulen ,"Berufsschulen haben die Aufgabe, die Allgemeinbildung der Schüler zu vertiefen und die für den Beruf erforderliche fachtheoretische Grundausbildung zu vermitteln. Sie werden in der Regel pflichtgemäß nach Beendigung der neun- bzw. zehnjährigen Vollzeitschulpflicht von Personen besucht, die in der beruflichen Erstausbildung mit/ohne Ausbildungsvertrag oder in einem anderen Arbeitsverhältnis stehen und das 18. Lebensjahr noch nicht vollendet haben. Die Daten auf Gemeindeebene stammen aus der 'Points of Interest' (POI) Datenbank des BKG. Fehlende und unvollständige Daten wurden durch Eigenrecherche mit Daten der Statistischen Landesämter und des Statistischen Bundesamtes ergänzt. Die Daten in Baden-Württemberg und Bayern für das Schuljahr 2019/2020 sind aufgrund einer anderen Datengrundlage (Statistisches Landesamt) nur bedingt mit den Daten für das Schuljahr 2018/2019 (POI) vergleichbar. In der Mehrzahl der Länder inklusive Schulen des Gesundheitswesens (gilt u.a. nicht für Berlin, Hamburg, Bremen).",POI des BKG!. Statistische Ämter der Länder und des Bundes,x,2018!. 2019,
15619,156190,Schüler an berufsbildenden Schulen je 1.000 Einwohner,Schüler in berufsbildenden Schulen je 1.000 Einwohner,Schüler in berufsbildenden Schulen  <Zeitpunkt> / Einwohner  <Zeitpunkt> x 1000,"Berufsschulen haben die Aufgabe, die Allgemeinbildung der Schüler zu vertiefen und die für den Beruf erforderliche fachtheoretische Grundausbildung zu vermitteln. Sie werden in der Regel pflichtgemäß nach Beendigung der neun- bzw. zehnjährigen Vollzeitschulpflicht von Personen besucht, die in der beruflichen Erstausbildung mit/ohne Ausbildungsvertrag oder in einem anderen Arbeitsverhältnis stehen und das 18. Lebensjahr noch nicht vollendet haben. Die Daten auf Gemeindeebene stammen aus der 'Points of Interest' (POI) Datenbank des BKG. Fehlende und unvollständige Daten wurden durch Eigenrecherche mit Daten der Statistischen Landesämter und des Statistischen Bundesamtes ergänzt. Die Daten in Baden-Württemberg und Bayern für das Schuljahr 2019/2020 sind aufgrund einer anderen Datengrundlage (Statistisches Landesamt) nur bedingt mit den Daten für das Schuljahr 2018/2019 (POI) vergleichbar. In der Mehrzahl der Länder inklusive Schulen des Gesundheitswesens (gilt u.a. nicht für Berlin, Hamburg, Bremen). Aufgrund einer Gemeindegebietsreform in Sachsen 2019 wurden die Daten der Stadt Aue-Bad Schlema (Gebietsstand 2019) für das Schuljahr 2018/2019 nachträglich der Stadt Aue (Gebietsstand 2018) zugeordnet. In wenigen Fällen fehlende Werte (Saarland im Schuljahr 2019/2020).",POI des BKG!. Statistischen Ämter der Länder und des Bundes,x,2018!. 2019,x
15620,156200,Bibliotheken,Anzahl Bibliotheken,Anzahl Bibliotheken,"Bibliotheken leisten für alle Schichten der Bevölkerung einen wichtigen Beitrag zur Erfüllung  des Grundrechts auf Bildung. Sie dienen der allgemeinen Versorgung mit Informationen. Gezählt werden Bibliotheken in staatlicher und privater Trägerschaft. Die Daten umfassen Öffentliche Bibliotheken, Wissenschaftliche Bibliotheken sowie Spezialbibliotheken.",Deutsche Bibliotheksstatistik,x,2017,
15621,156210,Öffentliche Bibliotheken,Anzahl Öffentliche Bibliotheken,Anzahl der Bibliotheken differenziert nach: Typ I: Öffentliche Bibliotheken,Öffentlichen Bibliotheken leisten für alle Schichten der Bevölkerung einen wichtigen Beitrag zur Erfüllung  des Grundrechts auf Bildung. Sie dienen der allgemeinen Versorgung mit Informationen. Gezählt werden Bibliotheken in staatlicher und privater Trägerschaft.,Deutsche Bibliotheksstatistik,x,2017,
15622,156220,Wissenschaftliche Bibliotheken,Anzahl Wissenschaftliche Bibliotheken,Anzahl der Bibliotheken differenziert nach: Typ II: Wissenschaftliche Bibliotheken,Der Bestand von Wissenschaftlichen Bibliotheken ist vor allem auf das wissenschaftliche Studium und die Forschung ausgerichtet. Sie sind zumeist öffentlich zugänglich.Wissenschaftliche Bibliotheken leisten die zentrale Informationsversorgung an den Wissenschaftsstandorten.,Deutsche Bibliotheksstatistik,x,2017,
15623,156230,Spezialbibliotheken,Anzahl Spezialbibliotheken,Anzahl der Bibliotheken differenziert nach: Typ III: Spezialbibliotheken,"Spezialbibliotheken richten sich auf ein bestimmtes Fachgebiet und die Bindung an eine Institution, für deren Informations- und Literaturversorgung sie ausschließlich oder überwiegend zuständig sind, aus. ",Deutsche Bibliotheksstatistik,x,2017,
15624,156240,Bibliotheksentleihungen,Anzahl Entleihungen physischer Medien,Summe der physischen Entleihungen insgesamt pro Gemeinde,Summe der physischen Entleihungen insgesamt pro Gemeinde,Deutsche Bibliotheksstatistik,x,2017,
15625,156250,Kinos,Anzahl Kinos,Anzahl Kinos,Anzahl Kinos,Kinohandbuch der Blickpunkt:Film GmbH,x,2017,
15626,156260,Kinosäle,Anzahl Kinosäle,Anzahl Kinosäle,Anzahl Kinosäle,Kinohandbuch der Blickpunkt:Film GmbH,x,2017,
15627,156270,Kinositzplätze,Anzahl Kinositzplätze,Anzahl Kinositzplätze,Anzahl Kinositzplätze,Kinohandbuch der Blickpunkt:Film GmbH,x,2017,
