,select,category,category_de,category_nl,name,name_de,algorithmus,description,statistical_basis,name_nl,source_de,source_id_de,source_nl,source_id_nl,Zeitbezug_min,Zeitbezug_max,Gemeinden,Gemeindeverbände,Kreise
0,,,Absolutzahlen,,,Arbeitslose,,,,,Inkar,2176,,,1995,2020,,X,X
1,,,Absolutzahlen,,,Bevölkerung (mit Korrektur VZ 1987/Zensus 2011),,,,,Inkar,10806,,,1995,2020,,X,X
2,,,Absolutzahlen,,,Bevölkerung gesamt,,,,,Inkar,12586,,,1995,2020,,X,X
3,,,Absolutzahlen,,,Bevölkerung männlich,,,,,Inkar,12747,,,1995,2020,,X,X
4,,,Absolutzahlen,,,Bevölkerung weiblich,,,,,Inkar,12746,,,1995,2020,,X,X
5,,,Absolutzahlen,,,Bodenfläche gesamt qkm,,,,,Inkar,18168,,,1996,2020,,X,X
6,,,Absolutzahlen,,,Bruttoinlandsprodukt in 1000 Euro,,,,,Inkar,4273,,,2000,2020,,,X
7,,,Absolutzahlen,,,Erwerbsfähige Bevölkerung (15 bis unter 65 Jahre),,,,,Inkar,16607,,,1995,2020,,X,X
8,,,Absolutzahlen,,,Erwerbstätige,,,,,Inkar,18602,,,2000,2020,,,X
9,,,Absolutzahlen,,,Sozialversicherungspflichtig Beschäftigte am Arbeitsort,,,,,Inkar,8774,,,1997,2020,,X,X
10,,,Absolutzahlen,,,Sozialversicherungspflichtig Beschäftigte am Wohnort,,,,,Inkar,8766,,,1997,2020,,X,X
11,,,Arbeitslosigkeit,,,Anteil jüngere Arbeitslose,,,,,Inkar,15127,,,1995,2020,,X,X
12,,,Arbeitslosigkeit,,,Anteil männliche jüngere Arbeitslose,,,,,Inkar,16288,,,1998,2020,,X,X
13,,,Arbeitslosigkeit,,,Anteil männliche ältere Arbeitslose,,,,,Inkar,16367,,,1998,2020,,X,X
14,,,Arbeitslosigkeit,,,Anteil weibliche jüngere Arbeitslose,,,,,Inkar,16286,,,1998,2020,,X,X
15,,,Arbeitslosigkeit,,,Anteil weibliche ältere Arbeitslose,,,,,Inkar,16347,,,1998,2020,,X,X
16,,,Arbeitslosigkeit,,,Anteil ältere Arbeitslose,,,,,Inkar,16326,,,1998,2020,,X,X
17,,,Arbeitslosigkeit,,,Arbeitslose Frauen,,,,,Inkar,15026,,,1995,2020,,X,X
18,,,Arbeitslosigkeit,,,Arbeitslose Männer,,,,,Inkar,15027,,,1995,2020,,X,X
19,,,Arbeitslosigkeit,,,Arbeitslose mit Anforderungsniveau Experte,,,,,Inkar,15032,,,2010,2020,,X,X
20,,,Arbeitslosigkeit,,,Arbeitslose mit Anforderungsniveau Fachkraft,,,,,Inkar,15034,,,2010,2020,,X,X
21,,,Arbeitslosigkeit,,,Arbeitslose mit Anforderungsniveau Helfer,,,,,Inkar,15035,,,2010,2020,,X,X
22,,,Arbeitslosigkeit,,,Arbeitslose mit Anforderungsniveau Spezialist,,,,,Inkar,15033,,,2010,2020,,X,X
23,,,Arbeitslosigkeit,,,Arbeitslose ohne Ausbildung,,,,,Inkar,15031,,,2009,2020,,X,X
24,,,Arbeitslosigkeit,,,Arbeitslosenquote,,,,,Inkar,14574,,,1998,2020,,,X
25,,,Arbeitslosigkeit,,,Arbeitslosenquote Frauen,,,,,Inkar,14986,,,2008,2020,,,X
26,,,Arbeitslosigkeit,,,Arbeitslosenquote Jüngere,,,,,Inkar,15506,,,2008,2020,,,X
27,,,Arbeitslosigkeit,,,Arbeitslosenquote Männer,,,,,Inkar,14987,,,2008,2020,,,X
28,,,Arbeitslosigkeit,,,Arbeitslosenquote Ältere,,,,,Inkar,16386,,,2008,2020,,,X
29,,,Arbeitslosigkeit,,,Ausländische Arbeitslose,,,,,Inkar,15028,,,1995,2020,,X,X
30,,,Arbeitslosigkeit,,,Ausländische männliche Arbeitslose,,,,,Inkar,15030,,,1998,2020,,X,X
31,,,Arbeitslosigkeit,,,Ausländische weibliche Arbeitslose,,,,,Inkar,15029,,,1998,2020,,X,X
32,,,Arbeitslosigkeit,,,Jüngere Arbeitslose,,,,,Inkar,16271,,,1995,2020,,X,X
33,,,Arbeitslosigkeit,,,Langzeitarbeitslose,,,,,Inkar,14575,,,1995,2020,,X,X
34,,,Arbeitslosigkeit,,,Männliche Langzeitarbeitslose,,,,,Inkar,16466,,,1998,2020,,X,X
35,,,Arbeitslosigkeit,,,Männliche jüngere Arbeitslose,,,,,Inkar,16306,,,1998,2020,,X,X
36,,,Arbeitslosigkeit,,,Männliche ältere Arbeitslose,,,,,Inkar,16368,,,1998,2020,,X,X
37,,,Arbeitslosigkeit,,,Offene Stellen mit Anforderungsniveau Experte,,,,,Inkar,16266,,,2008,2020,,,X
38,,,Arbeitslosigkeit,,,Offene Stellen mit Anforderungsniveau Fachkraft,,,,,Inkar,16268,,,2008,2020,,,X
39,,,Arbeitslosigkeit,,,Offene Stellen mit Anforderungsniveau Helfer,,,,,Inkar,16269,,,2008,2020,,,X
40,,,Arbeitslosigkeit,,,Offene Stellen mit Anforderungsniveau Spezialist,,,,,Inkar,16267,,,2008,2020,,,X
41,,,Arbeitslosigkeit,,,Weibliche Langzeitarbeitslose,,,,,Inkar,16446,,,1998,2020,,X,X
42,,,Arbeitslosigkeit,,,Weibliche jüngere Arbeitslose,,,,,Inkar,16287,,,1998,2020,,X,X
43,,,Arbeitslosigkeit,,,Weibliche ältere Arbeitslose,,,,,Inkar,16348,,,1998,2020,,X,X
44,,,Arbeitslosigkeit,,,Ältere Arbeitslose,,,,,Inkar,16346,,,1998,2020,,X,X
45,,,Bauen und Wohnen,,,5- und mehr Raum-Wohnungen,,,,,Inkar,17358,,,2011,2020,,X,X
46,,,Bauen und Wohnen,,,Baugenehmigungen für Wohnungen,,,,,Inkar,16027,,,1995,2020,,X,X
47,,,Bauen und Wohnen,,,Baugenehmigungen für Wohnungen in Ein- und Zweifamilienhäusern,,,,,Inkar,16028,,,2003,2020,,X,X
48,,,Bauen und Wohnen,,,Baugenehmigungen für Wohnungen in Mehrfamilienhäusern,,,,,Inkar,16686,,,1995,2020,,X,X
49,,,Bauen und Wohnen,,,Baulandpreise,,,,,Inkar,15167,,,1995,2020,,,X
50,,,Bauen und Wohnen,,,Ein- und Zweifamilienhäuser,,,,,Inkar,17355,,,2011,2020,,X,X
51,,,Bauen und Wohnen,,,Ein- und Zweiraumwohnungen,,,,,Inkar,17357,,,2011,2020,,X,X
52,,,Bauen und Wohnen,,,Fertiggestellte Wohngebäude mit erneuerbarer Heizenergie,,,,,Inkar,16806,,,2016,2020,,,X
53,,,Bauen und Wohnen,,,Fertiggestellte Wohnungen im Bestand,,,,,Inkar,16709,,,2011,2020,,X,X
54,,,Bauen und Wohnen,,,Fertiggestellte Wohnungen mit erneuerbarer Heizenergie,,,,,Inkar,16807,,,2017,2020,,,X
55,,,Bauen und Wohnen,,,Mehrfamilienhäuser,,,,,Inkar,17356,,,2011,2020,,X,X
56,,,Bauen und Wohnen,,,Neubauwohnungen in Ein- und Zweifamilienhäusern,,,,,Inkar,16747,,,2000,2020,,X,X
57,,,Bauen und Wohnen,,,Neubauwohnungen in Ein- und Zweifamilienhäusern je Einwohner,,,,,Inkar,16766,,,1996,2020,,X,X
58,,,Bauen und Wohnen,,,Neubauwohnungen in Mehrfamilienhäusern,,,,,Inkar,16786,,,1995,2020,,X,X
59,,,Bauen und Wohnen,,,Neubauwohnungen je Einwohner,,,,,Inkar,16748,,,1995,2020,,X,X
60,,,Bauen und Wohnen,,,Neue Ein- und Zweifamilienhäuser,,,,,Inkar,16746,,,2000,2020,,X,X
61,,,Bauen und Wohnen,,,Wohnfläche,,,,,Inkar,17359,,,2011,2020,,,X
62,,,Bauen und Wohnen,,,Wohnungen in Ein- und Zweifamilienhäusern,,,,,Inkar,17789,,,2011,2020,,X,X
63,,,Bauen und Wohnen,,,Wohnungen in Mehrfamilienhäusern,,,,,Inkar,17790,,,2011,2020,,X,X
64,,,Beschäftigung und Erwerbstätigkeit,,,Anteil Erwerbstätige Finanz- und Unternehmensdienstleistungen,,,,,Inkar,17064,,,2000,2020,,,X
65,,,Beschäftigung und Erwerbstätigkeit,,,Anteil Erwerbstätige Verarbeitendes Gewerbe an Industrie,,,,,Inkar,17063,,,2000,2020,,,X
66,,,Beschäftigung und Erwerbstätigkeit,,,Anteil Minijobs (Frauen),,,,,Inkar,17033,,,2003,2020,,X,X
67,,,Beschäftigung und Erwerbstätigkeit,,,Anteil Minijobs (Männer),,,,,Inkar,17034,,,2003,2020,,X,X
68,,,Beschäftigung und Erwerbstätigkeit,,,Anteil Minijobs (Nebenverdienst),,,,,Inkar,17029,,,2003,2020,,X,X
69,,,Beschäftigung und Erwerbstätigkeit,,,Anteil Minijobs (Nebenverdienst) an den Beschäftigungsverhältnissen,,,,,Inkar,16728,,,2003,2020,,X,X
70,,,Beschäftigung und Erwerbstätigkeit,,,Anteil Minijobs (ausschließlich) an den Beschäftigungsverhältnissen,,,,,Inkar,15007,,,2003,2020,,X,X
71,,,Beschäftigung und Erwerbstätigkeit,,,Anteil Minijobs (ausschließlich) an geringfügig Beschäftigten,,,,,Inkar,16729,,,2003,2020,,X,X
72,,,Beschäftigung und Erwerbstätigkeit,,,Anteil Minijobs an den Beschäftigungsverhältnissen,,,,,Inkar,16727,,,2003,2020,,X,X
73,,,Beschäftigung und Erwerbstätigkeit,,,Aufstocker,,,,,Inkar,14386,,,2007,2020,,,X
74,,,Beschäftigung und Erwerbstätigkeit,,,Beschäftigte Pimärer Sektor,,,,,Inkar,17038,,,2008,2020,,,X
75,,,Beschäftigung und Erwerbstätigkeit,,,Beschäftigte Sekundärer Sektor,,,,,Inkar,17040,,,2008,2020,,,X
76,,,Beschäftigung und Erwerbstätigkeit,,,Beschäftigte Tertiärer Sektor,,,,,Inkar,17047,,,2008,2020,,,X
77,,,Beschäftigung und Erwerbstätigkeit,,,Beschäftigte am AO mit Berufsabschluss,,,,,Inkar,17522,,,2012,2020,,,X
78,,,Beschäftigung und Erwerbstätigkeit,,,Beschäftigte am AO mit akademischem Berufsabschluss,,,,,Inkar,17523,,,2012,2020,,,X
79,,,Beschäftigung und Erwerbstätigkeit,,,Beschäftigte am AO ohne Berufsabschluss,,,,,Inkar,17521,,,2012,2020,,,X
80,,,Beschäftigung und Erwerbstätigkeit,,,Beschäftigte am WO mit Berufsabschluss,,,,,Inkar,18586,,,2012,2020,,,X
81,,,Beschäftigung und Erwerbstätigkeit,,,Beschäftigte am WO mit akademischen Abschluss,,,,,Inkar,18167,,,2012,2020,,,X
82,,,Beschäftigung und Erwerbstätigkeit,,,Beschäftigte am WO ohne Berufsabschluss,,,,,Inkar,18487,,,2012,2020,,,X
83,,,Beschäftigung und Erwerbstätigkeit,,,Beschäftigte im Handwerk,,,,,Inkar,17065,,,2010,2020,,,X
84,,,Beschäftigung und Erwerbstätigkeit,,,Beschäftigte in IT- und naturwissenschaftlichen Dienstleistungsberufen,,,,,Inkar,17806,,,2013,2020,,,X
85,,,Beschäftigung und Erwerbstätigkeit,,,Beschäftigte in Kreativbranchen,,,,,Inkar,17061,,,2008,2020,,,X
86,,,Beschäftigung und Erwerbstätigkeit,,,Beschäftigte in unternehmensbezogenen Dienstleistungen,,,,,Inkar,17053,,,2009,2020,,,X
87,,,Beschäftigung und Erwerbstätigkeit,,,Beschäftigte in wissensintensiven Industrien,,,,,Inkar,17062,,,2009,2020,,,X
88,,,Beschäftigung und Erwerbstätigkeit,,,Beschäftigte mit Anforderungsniveau Experte,,,,,Inkar,17524,,,2013,2020,,,X
89,,,Beschäftigung und Erwerbstätigkeit,,,Beschäftigte mit Anforderungsniveau Fachkraft,,,,,Inkar,17525,,,2013,2020,,,X
90,,,Beschäftigung und Erwerbstätigkeit,,,Beschäftigte mit Anforderungsniveau Helfer,,,,,Inkar,17526,,,2013,2020,,,X
91,,,Beschäftigung und Erwerbstätigkeit,,,Beschäftigte mit Anforderungsniveau Spezialist,,,,,Inkar,17527,,,2013,2020,,,X
92,,,Beschäftigung und Erwerbstätigkeit,,,Beschäftigtenquote,,,,,Inkar,17508,,,1997,2020,,X,X
93,,,Beschäftigung und Erwerbstätigkeit,,,Beschäftigtenquote Ausländer,,,,,Inkar,17507,,,2011,2020,,,X
94,,,Beschäftigung und Erwerbstätigkeit,,,Beschäftigtenquote Frauen,,,,,Inkar,17511,,,1997,2020,,X,X
95,,,Beschäftigung und Erwerbstätigkeit,,,Beschäftigtenquote Männer,,,,,Inkar,17514,,,1997,2020,,X,X
96,,,Beschäftigung und Erwerbstätigkeit,,,Dienstleistungsquote,,,,,Inkar,17051,,,2008,2020,,,X
97,,,Beschäftigung und Erwerbstätigkeit,,,Erwerbsquote,,,,,Inkar,17515,,,1998,2020,,,X
98,,,Beschäftigung und Erwerbstätigkeit,,,Erwerbsquote Frauen,,,,,Inkar,17516,,,2008,2020,,,X
99,,,Beschäftigung und Erwerbstätigkeit,,,Erwerbsquote Männer,,,,,Inkar,17517,,,2008,2020,,,X
100,,,Beschäftigung und Erwerbstätigkeit,,,Erwerbstätige Primärer Sektor,,,,,Inkar,17056,,,2000,2020,,,X
101,,,Beschäftigung und Erwerbstätigkeit,,,Erwerbstätige Sekundärer Sektor,,,,,Inkar,17058,,,2000,2020,,,X
102,,,Beschäftigung und Erwerbstätigkeit,,,Erwerbstätige Tertiärer Sektor,,,,,Inkar,17059,,,2000,2020,,,X
103,,,Beschäftigung und Erwerbstätigkeit,,,Geringfügig Beschäftigte 65 Jahre und älter,,,,,Inkar,17035,,,2007,2020,,,X
104,,,Beschäftigung und Erwerbstätigkeit,,,Geringfügig Beschäftigte 65 Jahre und älter männlich,,,,,Inkar,17036,,,2007,2020,,,X
105,,,Beschäftigung und Erwerbstätigkeit,,,Geringfügig Beschäftigte 65 Jahre und älter weiblich,,,,,Inkar,17037,,,2007,2020,,,X
106,,,Beschäftigung und Erwerbstätigkeit,,,Industriequote,,,,,Inkar,17049,,,2008,2020,,,X
107,,,Beschäftigung und Erwerbstätigkeit,,,Kurzarbeiter,,,,,Inkar,16046,,,2007,2020,,,X
108,,,Beschäftigung und Erwerbstätigkeit,,,Quote jüngere Beschäftigte,,,,,Inkar,17509,,,2010,2020,,,X
109,,,Beschäftigung und Erwerbstätigkeit,,,Quote ältere Beschäftigte,,,,,Inkar,17510,,,2005,2020,,,X
110,,,Beschäftigung und Erwerbstätigkeit,,,Selbständigenquote,,,,,Inkar,17518,,,2000,2020,,,X
111,,,Beschäftigung und Erwerbstätigkeit,,,Teilzeitbeschäftige Frauen,,,,,Inkar,17519,,,2012,2020,,,X
112,,,Beschäftigung und Erwerbstätigkeit,,,Teilzeitbeschäftigte,,,,,Inkar,17506,,,2012,2020,,,X
113,,,Beschäftigung und Erwerbstätigkeit,,,Unterbeschäftigungsquote,,,,,Inkar,14382,,,2011,2019,,,X
114,,,Beschäftigung und Erwerbstätigkeit,,,Verhältnis junge zu alte Erwerbsfähige,,,,,Inkar,17513,,,1995,2020,,X,X
115,,,Bevölkerung,,,Abhängigenquote Alte,,,,,Inkar,16987,,,1995,2020,,X,X
116,,,Bevölkerung,,,Abhängigenquote Junge,,,,,Inkar,16945,,,1995,2020,,X,X
117,,,Bevölkerung,,,Ausländeranteil,,,,,Inkar,14707,,,1995,2020,,,X
118,,,Bevölkerung,,,Ausländerinnen,,,,,Inkar,16942,,,1995,2020,,,X
119,,,Bevölkerung,,,Außenwanderungssaldo,,,,,Inkar,14691,,,1995,2020,,,X
120,,,Bevölkerung,,,Außenwanderungssaldo Frauen,,,,,Inkar,17039,,,2003,2020,,,X
121,,,Bevölkerung,,,Außenwanderungssaldo Männer,,,,,Inkar,17046,,,2003,2020,,,X
122,,,Bevölkerung,,,Berufseinstiegswanderer,,,,,Inkar,17060,,,1995,2020,,,X
123,,,Bevölkerung,,,Bildungswanderer,,,,,Inkar,17052,,,1995,2020,,,X
124,,,Bevölkerung,,,Binnenwanderungssaldo,,,,,Inkar,14690,,,1995,2020,,,X
125,,,Bevölkerung,,,Binnenwanderungssaldo Frauen,,,,,Inkar,17048,,,2003,2020,,,X
126,,,Bevölkerung,,,Binnenwanderungssaldo Männer,,,,,Inkar,17050,,,2003,2020,,,X
127,,,Bevölkerung,,,Binnenwanderungsvolumen,,,,,Inkar,17092,,,1995,2020,,,X
128,,,Bevölkerung,,,Binnenwanderungsvolumen der Frauen,,,,,Inkar,17106,,,2003,2020,,,X
129,,,Bevölkerung,,,Binnenwanderungsvolumen der Männer,,,,,Inkar,17107,,,2003,2020,,,X
130,,,Bevölkerung,,,Durchschnittsalter der Bevölkerung,,,,,Inkar,16933,,,1995,2020,,X,X
131,,,Bevölkerung,,,Ehescheidungen,,,,,Inkar,16943,,,2003,2020,,,X
132,,,Bevölkerung,,,Eheschließungen,,,,,Inkar,16944,,,2015,2020,,,X
133,,,Bevölkerung,,,Einbürgerungen je Ausländer,,,,,Inkar,17026,,,2015,2020,,,X
134,,,Bevölkerung,,,Einbürgerungen je Einwohner,,,,,Inkar,17027,,,2015,2020,,,X
135,,,Bevölkerung,,,Einpersonenhaushalte,,,,,Inkar,17007,,,2013,2020,,X,X
136,,,Bevölkerung,,,Einwohner 65 Jahre und älter,,,,,Inkar,14688,,,1995,2020,,X,X
137,,,Bevölkerung,,,Einwohner 75 Jahre und älter,,,,,Inkar,14706,,,1995,2020,,X,X
138,,,Bevölkerung,,,Einwohner 85 Jahre und älter,,,,,Inkar,16929,,,2011,2020,,,X
139,,,Bevölkerung,,,Einwohner unter 3 Jahren,,,,,Inkar,16186,,,1995,2020,,X,X
140,,,Bevölkerung,,,Einwohner unter 6 Jahre,,,,,Inkar,15410,,,1995,2020,,X,X
141,,,Bevölkerung,,,Einwohner von 18 bis unter 25 Jahren,,,,,Inkar,16109,,,1995,2020,,X,X
142,,,Bevölkerung,,,Einwohner von 25 bis unter 30 Jahren,,,,,Inkar,16126,,,1995,2020,,X,X
143,,,Bevölkerung,,,Einwohner von 3 bis unter 6 Jahren,,,,,Inkar,16206,,,1995,2020,,X,X
144,,,Bevölkerung,,,Einwohner von 30 bis unter 50 Jahren,,,,,Inkar,16146,,,1995,2020,,X,X
145,,,Bevölkerung,,,Einwohner von 50 bis unter 65 Jahren,,,,,Inkar,16147,,,1995,2020,,X,X
146,,,Bevölkerung,,,Einwohner von 6 bis unter 18 Jahren,,,,,Inkar,15426,,,1995,2020,,X,X
147,,,Bevölkerung,,,Einwohner von 65 bis unter 75 Jahren,,,,,Inkar,16886,,,1995,2020,,X,X
148,,,Bevölkerung,,,Einwohner von 75 bis unter 85 Jahren,,,,,Inkar,16926,,,2011,2020,,,X
149,,,Bevölkerung,,,Erwerbswanderer,,,,,Inkar,17091,,,1995,2020,,,X
150,,,Bevölkerung,,,Familienwanderer,,,,,Inkar,17090,,,1995,2020,,,X
151,,,Bevölkerung,,,Fertilitätsrate,,,,,Inkar,17346,,,1995,2020,,,X
152,,,Bevölkerung,,,Fortzugsrate,,,,,Inkar,17127,,,1995,2020,,,X
153,,,Bevölkerung,,,Fortzugsrate Frauen,,,,,Inkar,17129,,,2003,2020,,,X
154,,,Bevölkerung,,,Fortzugsrate Männer,,,,,Inkar,17131,,,2003,2020,,,X
155,,,Bevölkerung,,,Frauenanteil,,,,,Inkar,14006,,,1995,2020,,X,X
156,,,Bevölkerung,,,Frauenanteil 20 bis unter 40 Jahre,,,,,Inkar,16989,,,1995,2020,,X,X
157,,,Bevölkerung,,,Geborene,,,,,Inkar,17334,,,1995,2020,,X,X
158,,,Bevölkerung,,,Geburten junger Mütter (<20 Jahre),,,,,Inkar,17347,,,1995,2020,,,X
159,,,Bevölkerung,,,Geburten älterer Mütter (>=40 Jahre),,,,,Inkar,17348,,,1995,2020,,,X
160,,,Bevölkerung,,,Gesamtwanderungssaldo,,,,,Inkar,15490,,,1995,2020,,X,X
161,,,Bevölkerung,,,Gestorbene,,,,,Inkar,17335,,,1995,2020,,X,X
162,,,Bevölkerung,,,Haushalte mit Kindern,,,,,Inkar,17800,,,2013,2020,,X,X
163,,,Bevölkerung,,,Haushaltsgröße,,,,,Inkar,17006,,,2013,2020,,X,X
164,,,Bevölkerung,,,Lebenserwartung,,,,,Inkar,17354,,,1995,2020,,,X
165,,,Bevölkerung,,,Lebenserwartung Frauen,,,,,Inkar,17352,,,1995,2017,,,X
166,,,Bevölkerung,,,Lebenserwartung Männer,,,,,Inkar,17353,,,1995,2017,,,X
167,,,Bevölkerung,,,Männliche Berufseinstiegswanderer,,,,,Inkar,17087,,,2003,2020,,,X
168,,,Bevölkerung,,,Männliche Bildungswanderer,,,,,Inkar,17057,,,2003,2020,,,X
169,,,Bevölkerung,,,Natürlicher Saldo,,,,,Inkar,17448,,,1995,2020,,X,X
170,,,Bevölkerung,,,Restlebenserwartung der 60-Jährigen,,,,,Inkar,17349,,,1995,2020,,,X
171,,,Bevölkerung,,,Restlebenserwartung der 60-jährigen Frauen,,,,,Inkar,17350,,,1995,2017,,,X
172,,,Bevölkerung,,,Restlebenserwartung der 60-jährigen Männer,,,,,Inkar,17351,,,1995,2017,,,X
173,,,Bevölkerung,,,Ruhestandswanderer,,,,,Inkar,17089,,,1995,2020,,,X
174,,,Bevölkerung,,,Schutzsuchende an Bevölkerung,,,,,Inkar,14806,,,2007,2020,,,X
175,,,Bevölkerung,,,Schutzsuchende an ausländischer Bevölkerung,,,,,Inkar,14807,,,2007,2020,,,X
176,,,Bevölkerung,,,Stimmenanteile AfD,,,,,Inkar,16941,,,2017,2021,,,X
177,,,Bevölkerung,,,Stimmenanteile CDU/CSU,,,,,Inkar,16935,,,1998,2021,,,X
178,,,Bevölkerung,,,Stimmenanteile Die Linke,,,,,Inkar,16940,,,1998,2021,,,X
179,,,Bevölkerung,,,Stimmenanteile FDP,,,,,Inkar,16938,,,1998,2021,,,X
180,,,Bevölkerung,,,Stimmenanteile Grüne,,,,,Inkar,16937,,,1998,2021,,,X
181,,,Bevölkerung,,,Stimmenanteile SPD,,,,,Inkar,16936,,,1998,2021,,,X
182,,,Bevölkerung,,,Stimmenanteile Sonstige Parteien,,,,,Inkar,16939,,,1998,2021,,,X
183,,,Bevölkerung,,,Säuglingssterblichkeit (<1 Jahr),,,,,Inkar,15491,,,2000,2020,,,X
184,,,Bevölkerung,,,Wahlbeteiligung,,,,,Inkar,17388,,,1998,2021,,,X
185,,,Bevölkerung,,,Weibliche Berufseinstiegswanderer,,,,,Inkar,17086,,,2003,2020,,,X
186,,,Bevölkerung,,,Weibliche Bildungswanderer,,,,,Inkar,17054,,,2003,2020,,,X
187,,,Bevölkerung,,,Weibliche Einwohner 65 Jahre und älter,,,,,Inkar,16866,,,1995,2020,,X,X
188,,,Bevölkerung,,,Weibliche Einwohner 75 Jahre und älter,,,,,Inkar,16167,,,1995,2020,,X,X
189,,,Bevölkerung,,,Weibliche Einwohner 85 Jahre und älter,,,,,Inkar,16932,,,2011,2020,,,X
190,,,Bevölkerung,,,Weibliche Einwohner von 18 bis unter 25 Jahren,,,,,Inkar,16826,,,1995,2020,,X,X
191,,,Bevölkerung,,,Weibliche Einwohner von 25 bis unter 30 Jahren,,,,,Inkar,16846,,,1995,2020,,X,X
192,,,Bevölkerung,,,Weibliche Einwohner von 65 bis unter 75 Jahren,,,,,Inkar,16906,,,1995,2020,,X,X
193,,,Bevölkerung,,,Weibliche Einwohner von 75 bis unter 85 Jahren,,,,,Inkar,16931,,,2011,2020,,,X
194,,,Bevölkerung,,,Zuzugsrate,,,,,Inkar,17126,,,1995,2020,,,X
195,,,Bevölkerung,,,Zuzugsrate Frauen,,,,,Inkar,17128,,,2003,2020,,,X
196,,,Bevölkerung,,,Zuzugsrate Männer,,,,,Inkar,17130,,,2003,2020,,,X
197,,,Bildung,,,Ausbildungsplätze,,,,,Inkar,16408,,,1995,2019,,,X
198,,,Bildung,,,Ausländische Berufsschüler,,,,,Inkar,17466,,,1995,2020,,,X
199,,,Bildung,,,Ausländische Schüler,,,,,Inkar,15149,,,1995,2020,,,X
200,,,Bildung,,,Ausländische Schüler je 100 Ausländer 6 bis 18 Jahre,,,,,Inkar,16467,,,2011,2020,,,X
201,,,Bildung,,,Ausländische Studierende,,,,,Inkar,15147,,,1998,2020,,X,X
202,,,Bildung,,,Auszubildende,,,,,Inkar,16426,,,1995,2020,,,X
203,,,Bildung,,,Auszubildende je 100 Einwohner 15 bis 25 Jahre,,,,,Inkar,16434,,,2010,2020,,,X
204,,,Bildung,,,Berufsschüler,,,,,Inkar,17467,,,1995,2020,,X,X
205,,,Bildung,,,Berufsschülerinnen,,,,,Inkar,17468,,,1995,2020,,,X
206,,,Bildung,,,Männliche Auszubildende,,,,,Inkar,16429,,,1995,2020,,,X
207,,,Bildung,,,Männliche Schulabgänger mit Hauptschulabschluss,,,,,Inkar,16527,,,1995,2020,,,X
208,,,Bildung,,,Männliche Schulabgänger mit allgemeiner Hochschulreife,,,,,Inkar,14567,,,1995,2020,,,X
209,,,Bildung,,,Männliche Schulabgänger mit mittlerem Abschluss,,,,,Inkar,16531,,,2016,2020,,,X
210,,,Bildung,,,Männliche Schulabgänger ohne Abschluss,,,,,Inkar,14187,,,1995,2020,,,X
211,,,Bildung,,,Männliche Studierende,,,,,Inkar,16432,,,1995,2020,,X,X
212,,,Bildung,,,Schulabgänger mit Hauptschulabschluss,,,,,Inkar,16506,,,1995,2020,,,X
213,,,Bildung,,,Schulabgänger mit allgemeiner Hochschulreife,,,,,Inkar,14149,,,1995,2020,,,X
214,,,Bildung,,,Schulabgänger mit mittlerem Abschluss,,,,,Inkar,16528,,,2016,2020,,,X
215,,,Bildung,,,Schulabgänger ohne Abschluss,,,,,Inkar,14166,,,1995,2020,,,X
216,,,Bildung,,,Schüler,,,,,Inkar,15148,,,1995,2020,,X,X
217,,,Bildung,,,Studierende,,,,,Inkar,15146,,,1995,2020,,X,X
218,,,Bildung,,,Studierende an FH,,,,,Inkar,16430,,,2006,2020,,X,X
219,,,Bildung,,,Studierende im 1. Semester,,,,,Inkar,16433,,,1995,2020,,X,X
220,,,Bildung,,,Studierende je 100 Einwohner 18 bis 25 Jahre,,,,,Inkar,16435,,,1995,2020,,X,X
221,,,Bildung,,,Weibliche Auszubildende,,,,,Inkar,16428,,,1995,2020,,,X
222,,,Bildung,,,Weibliche Schulabgänger mit Hauptschulabschluss,,,,,Inkar,16526,,,1995,2020,,,X
223,,,Bildung,,,Weibliche Schulabgänger mit allgemeiner Hochschulreife,,,,,Inkar,14146,,,1995,2020,,,X
224,,,Bildung,,,Weibliche Schulabgänger mit mittlerem Abschluss,,,,,Inkar,16530,,,2016,2020,,,X
225,,,Bildung,,,Weibliche Schulabgänger ohne Abschluss,,,,,Inkar,14126,,,1995,2020,,,X
226,,,Bildung,,,Weibliche Studierende,,,,,Inkar,16431,,,1995,2020,,X,X
227,,,Flächennutzung und Umwelt,,,Abfallmenge,,,,,Inkar,16947,,,2002,2020,,,X
228,,,Flächennutzung und Umwelt,,,Erholungsfläche,,,,,Inkar,16437,,,2016,2020,,X,X
229,,,Flächennutzung und Umwelt,,,Erholungsfläche je Einwohner,,,,,Inkar,15008,,,2016,2020,,X,X
230,,,Flächennutzung und Umwelt,,,Freifläche,,,,,Inkar,16546,,,2016,2020,,X,X
231,,,Flächennutzung und Umwelt,,,Freifläche je Einwohner,,,,,Inkar,16547,,,2016,2020,,X,X
232,,,Flächennutzung und Umwelt,,,Haus- und Sperrmüll,,,,,Inkar,16949,,,2007,2020,,,X
233,,,Flächennutzung und Umwelt,,,Haushaltsabfälle,,,,,Inkar,16948,,,2007,2020,,,X
234,,,Flächennutzung und Umwelt,,,Landwirtschaftsfläche,,,,,Inkar,14666,,,2016,2020,,X,X
235,,,Flächennutzung und Umwelt,,,Naturnähere Fläche,,,,,Inkar,16532,,,2016,2020,,X,X
236,,,Flächennutzung und Umwelt,,,Naturnähere Fläche je Einwohner,,,,,Inkar,16533,,,2016,2020,,X,X
237,,,Flächennutzung und Umwelt,,,Organischer Abfall,,,,,Inkar,16950,,,2007,2020,,,X
238,,,Flächennutzung und Umwelt,,,Siedlungs- und Verkehrsfläche,,,,,Inkar,16436,,,2016,2020,,X,X
239,,,Flächennutzung und Umwelt,,,Siedlungsdichte in km²,,,,,Inkar,16407,,,2016,2020,,X,X
240,,,Flächennutzung und Umwelt,,,Stickstoffüberschuss,,,,,Inkar,17586,,,1996,2018,,,X
241,,,Flächennutzung und Umwelt,,,Waldfläche,,,,,Inkar,14668,,,2016,2020,,X,X
242,,,Flächennutzung und Umwelt,,,Wasserfläche,,,,,Inkar,16529,,,2016,2020,,X,X
243,,,Flächennutzung und Umwelt,,,Wertstoffe,,,,,Inkar,16951,,,2007,2020,,,X
244,,,Medizinische und soziale Versorgung,,,Allgemeinärzte,,,,,Inkar,16229,,,2015,2020,,X,X
245,,,Medizinische und soziale Versorgung,,,Ambulante Pflege,,,,,Inkar,14486,,,2009,2019,,,X
246,,,Medizinische und soziale Versorgung,,,Betreuungsquote Kleinkinder,,,,,Inkar,14470,,,2006,2020,,,X
247,,,Medizinische und soziale Versorgung,,,Betreuungsquote Vorschulkinder,,,,,Inkar,14472,,,2006,2020,,,X
248,,,Medizinische und soziale Versorgung,,,Empfänger von Pflegegeld,,,,,Inkar,14488,,,2009,2019,,,X
249,,,Medizinische und soziale Versorgung,,,Ganztags-Betreuungsquote Kleinkinder,,,,,Inkar,14471,,,2007,2018,,,X
250,,,Medizinische und soziale Versorgung,,,Ganztags-Betreuungsquote Vorschulkinder,,,,,Inkar,14473,,,2007,2018,,,X
251,,,Medizinische und soziale Versorgung,,,Hausärzte,,,,,Inkar,16226,,,2015,2020,,X,X
252,,,Medizinische und soziale Versorgung,,,Integrative Kindertageseinrichtungen,,,,,Inkar,14476,,,2007,2020,,,X
253,,,Medizinische und soziale Versorgung,,,Internisten,,,,,Inkar,16230,,,2015,2020,,X,X
254,,,Medizinische und soziale Versorgung,,,Kinder ausländischer Herkunft in Tageseinrichtungen,,,,,Inkar,14474,,,2009,2018,,,X
255,,,Medizinische und soziale Versorgung,,,Kinderärzte,,,,,Inkar,16227,,,2015,2020,,X,X
256,,,Medizinische und soziale Versorgung,,,Krankenhausbetten,,,,,Inkar,15492,,,2004,2020,,,X
257,,,Medizinische und soziale Versorgung,,,Personal in Pflegediensten,,,,,Inkar,17628,,,2009,2019,,,X
258,,,Medizinische und soziale Versorgung,,,Personal in Pflegeheimen,,,,,Inkar,17627,,,2009,2019,,,X
259,,,Medizinische und soziale Versorgung,,,Pflegebedürftige,,,,,Inkar,15495,,,2009,2019,,,X
260,,,Medizinische und soziale Versorgung,,,Pflegeheimplätze,,,,,Inkar,14489,,,2003,2019,,,X
261,,,Medizinische und soziale Versorgung,,,Pädagogisches Personal in Tageseinrichtungen,,,,,Inkar,14475,,,2010,2020,,,X
262,,,Medizinische und soziale Versorgung,,,Stationäre Pflege,,,,,Inkar,14487,,,2009,2019,,,X
263,,,Medizinische und soziale Versorgung,,,Ärzte,,,,,Inkar,16228,,,2015,2020,,X,X
264,,,Privateinkommen und private Schulden,,,Anteil Selbständige an Insolvenzen,,,,,Inkar,17168,,,2007,2020,,,X
265,,,Privateinkommen und private Schulden,,,Arbeitsvolumen,,,,,Inkar,17477,,,2000,2020,,,X
266,,,Privateinkommen und private Schulden,,,Bruttoverdienst,,,,,Inkar,17478,,,2000,2020,,,X
267,,,Privateinkommen und private Schulden,,,Bruttoverdienst im Produzierenden Gewerbe,,,,,Inkar,17479,,,2000,2020,,,X
268,,,Privateinkommen und private Schulden,,,Einzelhandelsrelevante Kaufkraft,,,,,Inkar,10786,,,2015,2020,,X,X
269,,,Privateinkommen und private Schulden,,,Haushalte mit hohem Einkommen,,,,,Inkar,18388,,,2013,2020,,X,X
270,,,Privateinkommen und private Schulden,,,Haushalte mit mittlerem Einkommen,,,,,Inkar,18387,,,2013,2020,,X,X
271,,,Privateinkommen und private Schulden,,,Haushalte mit niedrigem Einkommen,,,,,Inkar,18386,,,2013,2020,,X,X
272,,,Privateinkommen und private Schulden,,,Haushaltseinkommen,,,,,Inkar,14709,,,2000,2019,,,X
273,,,Privateinkommen und private Schulden,,,Kaufkraft,,,,,Inkar,17707,,,2013,2020,,X,X
274,,,Privateinkommen und private Schulden,,,Medianeinkommen,,,,,Inkar,17134,,,2014,2020,,,X
275,,,Privateinkommen und private Schulden,,,Medianeinkommen 25 bis unter 55-Jährige,,,,,Inkar,17297,,,2014,2020,,,X
276,,,Privateinkommen und private Schulden,,,Medianeinkommen 55 bis unter 65-Jährige,,,,,Inkar,17298,,,2014,2020,,,X
277,,,Privateinkommen und private Schulden,,,Medianeinkommen Frauen,,,,,Inkar,17295,,,2014,2020,,,X
278,,,Privateinkommen und private Schulden,,,Medianeinkommen Männer,,,,,Inkar,17296,,,2014,2020,,,X
279,,,Privateinkommen und private Schulden,,,Medianeinkommen akademischer Berufsabschluss,,,,,Inkar,17300,,,2014,2020,,,X
280,,,Privateinkommen und private Schulden,,,Medianeinkommen anerkannter Berufsabschluss,,,,,Inkar,17299,,,2014,2020,,,X
281,,,Privateinkommen und private Schulden,,,Schuldnerquote,,,,,Inkar,17188,,,2004,2019,,,X
282,,,Privateinkommen und private Schulden,,,Verbraucherinsolvenzverfahren,,,,,Inkar,17166,,,2007,2020,,,X
283,,,Privateinkommen und private Schulden,,,Verbraucherinsolvenzverfahren Gläubigerforderungen,,,,,Inkar,16011,,,2007,2020,,,X
284,,,Raumwirksame Mittel,,,Arbeitsmarktpolitische Hilfen der BA für Arbeit (kurzfristig),,,,,Inkar,17183,,,2019,2020,,,X
285,,,Raumwirksame Mittel,,,Arbeitsmarktpolitische Hilfen der BA für Arbeit (langfristig),,,,,Inkar,17176,,,2019,2020,,,X
286,,,Raumwirksame Mittel,,,Direkte Projektförderung (kurfristig),,,,,Inkar,17184,,,2019,2020,,,X
287,,,Raumwirksame Mittel,,,Direkte Projektförderung (langfristig),,,,,Inkar,17177,,,2019,2020,,,X
288,,,Raumwirksame Mittel,,,"GRW, Bereich Förderung der gewerblichen Wirtschaft (kurzfristig)",,,,,Inkar,17178,,,2019,2020,,,X
289,,,Raumwirksame Mittel,,,"GRW, Bereich Förderung der gewerblichen Wirtschaft (langfristig)",,,,,Inkar,17173,,,2019,2020,,,X
290,,,Raumwirksame Mittel,,,"GRW, Bereich Förderung wirtschaftsnaher Infrastruktur (kurzfristig)",,,,,Inkar,17180,,,2019,2020,,,X
291,,,Raumwirksame Mittel,,,"GRW, Bereich Förderung wirtschaftsnaher Infrastruktur (langfristig)",,,,,Inkar,17174,,,2019,2020,,,X
292,,,Raumwirksame Mittel,,,Hochschulförderung (kurzfristig),,,,,Inkar,17182,,,2019,2020,,,X
293,,,Raumwirksame Mittel,,,Hochschulförderung (langfristig),,,,,Inkar,17175,,,2019,2020,,,X
294,,,Raumwirksame Mittel,,,Städtebauförderung (kurzfristig),,,,,Inkar,17169,,,2019,2020,,,X
295,,,Raumwirksame Mittel,,,Städtebauförderung (langfristig),,,,,Inkar,17607,,,2019,2020,,,X
296,,,SDG-Indikatoren für Kommunen,,,Abfallmenge,,,,,Inkar,160400,,,2002,2020,,,X
297,,,SDG-Indikatoren für Kommunen,,,Aufstocker,,,,,Inkar,160240,,,2007,2020,,,X
298,,,SDG-Indikatoren für Kommunen,,,Beschäftigte am AO mit akademischem Berufsabschluss,,,,,Inkar,160260,,,2012,2020,,,X
299,,,SDG-Indikatoren für Kommunen,,,Beschäftigtenquote,,,,,Inkar,160220,,,1997,2020,,X,X
300,,,SDG-Indikatoren für Kommunen,,,Beschäftigtenquote Ausländer,,,,,Inkar,160280,,,2011,2020,,,X
301,,,SDG-Indikatoren für Kommunen,,,Betreuungsquote Kleinkinder,,,,,Inkar,160150,,,2006,2020,,,X
302,,,SDG-Indikatoren für Kommunen,,,Breitbandversorgung,,,,,Inkar,160270,,,2017,2020,,X,X
303,,,SDG-Indikatoren für Kommunen,,,Bruttoinlandsprodukt je Einwohner,,,,,Inkar,160200,,,2000,2020,,,X
304,,,SDG-Indikatoren für Kommunen,,,Einbürgerungen je Ausländer,,,,,Inkar,160290,,,2015,2020,,,X
305,,,SDG-Indikatoren für Kommunen,,,Empfänger von Grundsicherung im Alter (Altersarmut),,,,,Inkar,160030,,,2008,2019,,,X
306,,,SDG-Indikatoren für Kommunen,,,Erholungsfläche je Einwohner,,,,,Inkar,160370,,,2016,2020,,X,X
307,,,SDG-Indikatoren für Kommunen,,,Fertiggestellte Wohngebäude mit erneuerbarer Heizenergie,,,,,Inkar,160380,,,2016,2020,,,X
308,,,SDG-Indikatoren für Kommunen,,,Flächenneuinanspruchnahme,,,,,Inkar,160350,,,2017,2020,,X,X
309,,,SDG-Indikatoren für Kommunen,,,Frauenanteil in Stadträten und Kreistagen,,,,,Inkar,160190,,,2013,2019,,,X
310,,,SDG-Indikatoren für Kommunen,,,Integrative Kindertageseinrichtungen,,,,,Inkar,160160,,,2007,2020,,,X
311,,,SDG-Indikatoren für Kommunen,,,Kassenkredite,,,,,Inkar,160420,,,2010,2020,,,X
312,,,SDG-Indikatoren für Kommunen,,,Kinderarmut,,,,,Inkar,160020,,,2016,2020,,,X
313,,,SDG-Indikatoren für Kommunen,,,Krankenhausversorgung,,,,,Inkar,160080,,,2004,2020,,,X
314,,,SDG-Indikatoren für Kommunen,,,Langzeitarbeitslose,,,,,Inkar,160210,,,1995,2020,,X,X
315,,,SDG-Indikatoren für Kommunen,,,Mietpreise,,,,,Inkar,160250,,,2010,2021,,,X
316,,,SDG-Indikatoren für Kommunen,,,Personal in Pflegediensten,,,,,Inkar,160110,,,2009,2019,,,X
317,,,SDG-Indikatoren für Kommunen,,,Personal in Pflegeheimen,,,,,Inkar,160100,,,2009,2019,,,X
318,,,SDG-Indikatoren für Kommunen,,,Pflegeheimplätze,,,,,Inkar,160120,,,2003,2019,,,X
319,,,SDG-Indikatoren für Kommunen,,,Pkw-Dichte,,,,,Inkar,160320,,,1995,2020,,,X
320,,,SDG-Indikatoren für Kommunen,,,Quote ältere Beschäftigte,,,,,Inkar,160230,,,2005,2020,,,X
321,,,SDG-Indikatoren für Kommunen,,,SGB II-/SGB XII-Quote,,,,,Inkar,160010,,,2014,2019,,,X
322,,,SDG-Indikatoren für Kommunen,,,Schulabgänger ohne Abschluss,,,,,Inkar,160140,,,1995,2020,,,X
323,,,SDG-Indikatoren für Kommunen,,,Siedlungs- und Verkehrsfläche,,,,,Inkar,160340,,,2016,2020,,X,X
324,,,SDG-Indikatoren für Kommunen,,,Siedlungs- und Verkehrsfläche je Einwohner,,,,,Inkar,160360,,,2016,2020,,X,X
325,,,SDG-Indikatoren für Kommunen,,,Steuereinnahmen,,,,,Inkar,160410,,,1995,2019,,X,X
326,,,SDG-Indikatoren für Kommunen,,,Stickstoffüberschuss,,,,,Inkar,160040,,,1996,2018,,,X
327,,,SDG-Indikatoren für Kommunen,,,Trinkwasserverbrauch,,,,,Inkar,160390,,,1998,2019,,,X
328,,,SDG-Indikatoren für Kommunen,,,Verdienstabstand zwischen Frauen und Männern,,,,,Inkar,160180,,,2014,2020,,,X
329,,,SDG-Indikatoren für Kommunen,,,Verhältnis der Beschäftigungsquote von Frauen zu Männern,,,,,Inkar,160170,,,1997,2020,,X,X
330,,,SDG-Indikatoren für Kommunen,,,Verunglückte im Straßenverkehr,,,,,Inkar,160330,,,1995,2020,,X,X
331,,,SDG-Indikatoren für Kommunen,,,Vorzeitige Sterblichkeit Frauen,,,,,Inkar,160050,,,2011,2017,,,X
332,,,SDG-Indikatoren für Kommunen,,,Vorzeitige Sterblichkeit Männer,,,,,Inkar,160060,,,2011,2017,,,X
333,,,SDG-Indikatoren für Kommunen,,,Wohnfläche,,,,,Inkar,160300,,,2011,2020,,,X
334,,,SDG-Indikatoren für Kommunen,,,Wohnungsnahe Grundversorgung Apotheke,,,,,Inkar,160090,,,2021,2021,,X,X
335,,,SDG-Indikatoren für Kommunen,,,Wohnungsnahe Grundversorgung Grundschule,,,,,Inkar,160130,,,2018,2018,,X,X
336,,,SDG-Indikatoren für Kommunen,,,Wohnungsnahe Grundversorgung Hausarzt,,,,,Inkar,160070,,,2021,2021,,X,X
337,,,SDG-Indikatoren für Kommunen,,,Wohnungsnahe Grundversorgung Supermarkt,,,,,Inkar,160310,,,2021,2021,,X,X
338,,,Siedlungsstruktur,,,Bevölkerung in Mittelzentren,,,,,Inkar,17330,,,2019,2020,,X,X
339,,,Siedlungsstruktur,,,Bevölkerung in Oberzentren,,,,,Inkar,17331,,,2019,2020,,X,X
340,,,Siedlungsstruktur,,,Einwohner-Arbeitsplatz-Dichte,,,,,Inkar,17332,,,2000,2020,,X,X
341,,,Siedlungsstruktur,,,Einwohnerdichte,,,,,Inkar,17186,,,1996,2020,,X,X
342,,,Siedlungsstruktur,,,Ländlichkeit,,,,,Inkar,17329,,,2019,2020,,X,X
343,,,Siedlungsstruktur,,,Regionales Bevölkerungspotenzial,,,,,Inkar,17726,,,2008,2019,,X,X
344,,,Sozialleistungen,,,ALG I-Leistungen,,,,,Inkar,2633,,,2006,2020,,,X
345,,,Sozialleistungen,,,ALG I-Leistungen Frauen,,,,,Inkar,2639,,,2006,2020,,,X
346,,,Sozialleistungen,,,ALG I-Leistungen Männer,,,,,Inkar,2636,,,2006,2020,,,X
347,,,Sozialleistungen,,,ALG II-Leistungen (Höhe),,,,,Inkar,17407,,,2008,2020,,,X
348,,,Sozialleistungen,,,ALG II-Leistungen an SGBII,,,,,Inkar,17408,,,2008,2020,,,X
349,,,Sozialleistungen,,,Alleinerziehende erwerbsfähige Leistungsberechtigte,,,,,Inkar,14437,,,2007,2020,,,X
350,,,Sozialleistungen,,,Asylbewerber,,,,,Inkar,14443,,,2010,2020,,,X
351,,,Sozialleistungen,,,Bedarfsgemeinschaften mit Kindern,,,,,Inkar,14430,,,2007,2020,,,X
352,,,Sozialleistungen,,,Einpersonen-Bedarfsgemeinschaften,,,,,Inkar,14428,,,2007,2020,,,X
353,,,Sozialleistungen,,,Elterngeldbezieher (Mütter),,,,,Inkar,14468,,,2017,2018,,,X
354,,,Sozialleistungen,,,Elterngeldbezieher (Väter),,,,,Inkar,14467,,,2017,2018,,,X
355,,,Sozialleistungen,,,Elterngeldbezieher (Väter) im ersten Lebensjahr,,,,,Inkar,14466,,,2017,2018,,,X
356,,,Sozialleistungen,,,Empfänger von Grundsicherung im Alter (Altersarmut),,,,,Inkar,18328,,,2008,2019,,,X
357,,,Sozialleistungen,,,Empfänger von Mindestsicherungen,,,,,Inkar,14694,,,2011,2019,,,X
358,,,Sozialleistungen,,,Erwerbsfähige Leistungsberechtigte,,,,,Inkar,14434,,,2007,2020,,,X
359,,,Sozialleistungen,,,Erwerbsfähige Leistungsberechtigte (Frauen),,,,,Inkar,14435,,,2007,2020,,,X
360,,,Sozialleistungen,,,Große Bedarfsgemeinschaften,,,,,Inkar,14429,,,2007,2020,,,X
361,,,Sozialleistungen,,,Junge erwerbsfähige Leistungsberechtigte,,,,,Inkar,14436,,,2007,2020,,,X
362,,,Sozialleistungen,,,Kinderarmut,,,,,Inkar,14439,,,2016,2020,,,X
363,,,Sozialleistungen,,,Leistungen für Unterkunft (Höhe),,,,,Inkar,17409,,,2008,2020,,,X
364,,,Sozialleistungen,,,Leistungen für Unterkunft an SGBII,,,,,Inkar,17410,,,2008,2020,,,X
365,,,Sozialleistungen,,,Leistungen für Wohngeld,,,,,Inkar,17411,,,2016,2020,,,X
366,,,Sozialleistungen,,,Männliche Empfänger von Grundsicherung im Alter (Altersarmut),,,,,Inkar,16986,,,2008,2019,,,X
367,,,Sozialleistungen,,,Personen in Bedarfsgemeinschaften,,,,,Inkar,14438,,,2007,2020,,,X
368,,,Sozialleistungen,,,SGB II - Quote,,,,,Inkar,14426,,,2010,2020,,,X
369,,,Sozialleistungen,,,SGBII-Leistungen,,,,,Inkar,17406,,,2008,2020,,,X
370,,,Sozialleistungen,,,Weibliche Empfänger von Grundsicherung im Alter (Altersarmut),,,,,Inkar,16967,,,2008,2019,,,X
371,,,Sozialleistungen,,,Weibliche SGB II-Empfänger,,,,,Inkar,16988,,,2010,2020,,,X
372,,,Sozialleistungen,,,Wohngeldhaushalte,,,,,Inkar,14444,,,2013,2020,,,X
373,,,Sozialleistungen,,,Wohngeldhaushalte (Lastenzuschuss),,,,,Inkar,14446,,,1995,2020,,,X
374,,,Sozialleistungen,,,Wohngeldhaushalte (Mietzuschuss),,,,,Inkar,14445,,,1995,2020,,,X
375,,,Sozialleistungen,,,Ältere erwerbsfähige Leistungsberechtigte,,,,,Inkar,16966,,,2007,2020,,,X
376,,,Verkehr und Erreichbarkeit,,,Auspendler,,,,,Inkar,17309,,,1997,2020,,X,X
377,,,Verkehr und Erreichbarkeit,,,Einpendler,,,,,Inkar,17308,,,1997,2020,,X,X
378,,,Verkehr und Erreichbarkeit,,,Erreichbarkeit von Autobahnen,,,,,Inkar,18806,,,2021,2021,,X,X
379,,,Verkehr und Erreichbarkeit,,,Erreichbarkeit von Flughäfen,,,,,Inkar,18807,,,2021,2021,,X,X
380,,,Verkehr und Erreichbarkeit,,,Erreichbarkeit von IC/EC/ICE-Bahnhöfen,,,,,Inkar,18808,,,2021,2021,,X,X
381,,,Verkehr und Erreichbarkeit,,,Erreichbarkeit von Mittelzentren,,,,,Inkar,18810,,,2021,2021,,X,X
382,,,Verkehr und Erreichbarkeit,,,Erreichbarkeit von Oberzentren,,,,,Inkar,18811,,,2021,2021,,X,X
383,,,Verkehr und Erreichbarkeit,,,Getötete im Straßenverkehr,,,,,Inkar,16606,,,1995,2020,,X,X
384,,,Verkehr und Erreichbarkeit,,,Ladepunkte je 100 Elektrofahrzeuge (BEV),,,,,Inkar,17970,,,2020,2021,,,X
385,,,Verkehr und Erreichbarkeit,,,Ladepunkte je 100.000 Einwohner,,,,,Inkar,17962,,,2017,2021,,,X
386,,,Verkehr und Erreichbarkeit,,,Nahversorgung Apotheken Anteil der Bev. 1km Radius,,,,,Inkar,7792,,,2021,2021,,X,X
387,,,Verkehr und Erreichbarkeit,,,Nahversorgung Apotheken Durchschnittsdistanz,,,,,Inkar,6328,,,2021,2021,,X,X
388,,,Verkehr und Erreichbarkeit,,,Nahversorgung Grundschulen Anteil der Bev. 1km Radius,,,,,Inkar,7789,,,2021,2021,,X,X
389,,,Verkehr und Erreichbarkeit,,,Nahversorgung Grundschulen Durchschnittsdistanz,,,,,Inkar,6329,,,2021,2021,,X,X
390,,,Verkehr und Erreichbarkeit,,,Nahversorgung Haltestellen des ÖV Anteil der Bev. 1km Radius,,,,,Inkar,8753,,,2020,2020,,X,X
391,,,Verkehr und Erreichbarkeit,,,Nahversorgung Haltestellen des ÖV Durchschnittsdistanz,,,,,Inkar,8750,,,2020,2020,,X,X
392,,,Verkehr und Erreichbarkeit,,,Nahversorgung Supermärkte Anteil der Bev. 1km Radius,,,,,Inkar,7786,,,2021,2021,,X,X
393,,,Verkehr und Erreichbarkeit,,,Nahversorgung Supermärkte Durchschnittsdistanz,,,,,Inkar,6326,,,2021,2021,,X,X
394,,,Verkehr und Erreichbarkeit,,,Pendler mit Arbeitsweg 150 km und mehr,,,,,Inkar,17462,,,2013,2019,,X,X
395,,,Verkehr und Erreichbarkeit,,,Pendler mit Arbeitsweg 300 km und mehr,,,,,Inkar,17463,,,2013,2019,,X,X
396,,,Verkehr und Erreichbarkeit,,,Pendler mit Arbeitsweg 50 km und mehr,,,,,Inkar,17261,,,2013,2019,,X,X
397,,,Verkehr und Erreichbarkeit,,,Pendlersaldo,,,,,Inkar,17606,,,1997,2020,,X,X
398,,,Verkehr und Erreichbarkeit,,,Pkw Benzin,,,,,Inkar,17989,,,2020,2021,,,X
399,,,Verkehr und Erreichbarkeit,,,Pkw Diesel,,,,,Inkar,17986,,,2020,2021,,,X
400,,,Verkehr und Erreichbarkeit,,,Pkw Elektro (BEV),,,,,Inkar,17972,,,2020,2021,,,X
401,,,Verkehr und Erreichbarkeit,,,Pkw Gas,,,,,Inkar,17990,,,2020,2021,,,X
402,,,Verkehr und Erreichbarkeit,,,Pkw Hybrid insgesamt,,,,,Inkar,17987,,,2020,2021,,,X
403,,,Verkehr und Erreichbarkeit,,,Pkw Plug-In-Hybrid (PHEV),,,,,Inkar,17988,,,2020,2021,,,X
404,,,Verkehr und Erreichbarkeit,,,Pkw-Dichte,,,,,Inkar,16566,,,1995,2020,,,X
405,,,Verkehr und Erreichbarkeit,,,Straßenverkehrsunfälle,,,,,Inkar,16567,,,1995,2020,,X,X
406,,,Verkehr und Erreichbarkeit,,,Verunglückte im Straßenverkehr,,,,,Inkar,16586,,,1995,2020,,X,X
407,,,Wirtschaft,,,Anteil Bruttowertschöpfung Primärer Sektor,,,,,Inkar,17030,,,2000,2020,,,X
408,,,Wirtschaft,,,Anteil Bruttowertschöpfung Sekundärer Sektor,,,,,Inkar,17031,,,2000,2020,,,X
409,,,Wirtschaft,,,Anteil Bruttowertschöpfung Tertiärer Sektor,,,,,Inkar,17032,,,2000,2020,,,X
410,,,Wirtschaft,,,Auslandsumsatz im Bergbau u. Verarb. Gewerbe,,,,,Inkar,17171,,,2009,2020,,,X
411,,,Wirtschaft,,,Ausländische Gäste in Beherbergungsbetrieben,,,,,Inkar,16550,,,2007,2020,,,X
412,,,Wirtschaft,,,Bruttoinlandsprodukt je Einwohner,,,,,Inkar,15125,,,2000,2020,,,X
413,,,Wirtschaft,,,Bruttoinlandsprodukt je Erwerbstätigen,,,,,Inkar,14708,,,2000,2020,,,X
414,,,Wirtschaft,,,Bruttowertschöpfung je Erwerbstätigen,,,,,Inkar,15126,,,2000,2020,,,X
415,,,Wirtschaft,,,Bruttowertschöpfung je Erwerbstätigen Primärer Sektor,,,,,Inkar,15380,,,2000,2020,,,X
416,,,Wirtschaft,,,Bruttowertschöpfung je Erwerbstätigen Sekundärer Sektor,,,,,Inkar,15381,,,2000,2020,,,X
417,,,Wirtschaft,,,Bruttowertschöpfung je Erwerbstätigen Tertiärer Sektor,,,,,Inkar,15382,,,2000,2020,,,X
418,,,Wirtschaft,,,Großunternehmen,,,,,Inkar,15513,,,2006,2020,,,X
419,,,Wirtschaft,,,Gästeübernachtungen in Beherbergungsbetrieben,,,,,Inkar,16549,,,1995,2020,,X,X
420,,,Wirtschaft,,,Investitionen im Bergbau und Verarb. Gewerbe,,,,,Inkar,17172,,,2009,2019,,,X
421,,,Wirtschaft,,,Kleinbetriebe,,,,,Inkar,15511,,,2006,2020,,,X
422,,,Wirtschaft,,,Kleinstbetriebe,,,,,Inkar,17028,,,2006,2020,,,X
423,,,Wirtschaft,,,Mittlere Unternehmen,,,,,Inkar,15512,,,2006,2020,,,X
424,,,Wirtschaft,,,Schlafgelegenheiten in Beherbergungsbetrieben,,,,,Inkar,16548,,,2008,2020,,X,X
425,,,Wirtschaft,,,Umsatz Bauhauptgewerbe,,,,,Inkar,17088,,,1995,2019,,,X
426,,,Wirtschaft,,,Umsatz im Bergbau u. Verarb. Gewerbe,,,,,Inkar,17170,,,2009,2020,,,X
427,,,Wirtschaft,,,Umsatz im Handwerk,,,,,Inkar,17055,,,2010,2018,,,X
428,,,Wirtschaft,,,Unternehmensinsolvenzen,,,,,Inkar,17255,,,2007,2020,,,X
429,,,Wirtschaft,,,Unternehmensinsolvenzen Gläubigerforderungen,,,,,Inkar,17993,,,2007,2020,,,X
430,,,Wirtschaft,,,Verweildauer in Beherbergungsbetrieben,,,,,Inkar,16551,,,1995,2020,,X,X
431,,,Zentrale Orte Monitoring,,,Allgemeinbildende Schulen,,,,,Inkar,156080,,,2018,2019,X,,
432,,,Zentrale Orte Monitoring,,,Allgemeinbildende Schulen mit Förderschwerpunkt,,,,,Inkar,156140,,,2018,2019,X,,
433,,,Zentrale Orte Monitoring,,,Allgemeinärzte,,,,,Inkar,155140,,,2017,2020,X,,
434,,,Zentrale Orte Monitoring,,,Amtsgerichte,,,,,Inkar,152120,,,2018,2020,X,,
435,,,Zentrale Orte Monitoring,,,Apotheken,,,,,Inkar,155100,,,2021,2021,X,,
436,,,Zentrale Orte Monitoring,,,Arbeitsagenturen,,,,,Inkar,152090,,,2021,2021,X,,
437,,,Zentrale Orte Monitoring,,,Arbeitslosigkeit,,,,,Inkar,153100,,,2017,2020,X,,
438,,,Zentrale Orte Monitoring,,,Arbeitsmarktverwaltungseinrichtungen,,,,,Inkar,152070,,,2021,2021,X,,
439,,,Zentrale Orte Monitoring,,,Arbeitsplatzzentralität,,,,,Inkar,153090,,,2017,2020,X,,
440,,,Zentrale Orte Monitoring,,,Bahn-Abfahrten,,,,,Inkar,154100,,,2018,2020,X,,
441,,,Zentrale Orte Monitoring,,,Bahnhaltestellen,,,,,Inkar,154020,,,2018,2020,X,,
442,,,Zentrale Orte Monitoring,,,Berufsbildende Schulen,,,,,Inkar,156170,,,2017,2019,X,,
443,,,Zentrale Orte Monitoring,,,Beschäftigtendichte (AO),,,,,Inkar,153030,,,2017,2020,X,,
444,,,Zentrale Orte Monitoring,,,Beschäftigtendichte (WO),,,,,Inkar,153040,,,2017,2020,X,,
445,,,Zentrale Orte Monitoring,,,Bevölkerung,,,,,Inkar,151070,,,2017,2020,X,,
446,,,Zentrale Orte Monitoring,,,Bevölkerungsentwicklung,,,,,Inkar,151100,,,2017,2020,X,,
447,,,Zentrale Orte Monitoring,,,Bibliotheken,,,,,Inkar,156200,,,2017,2017,X,,
448,,,Zentrale Orte Monitoring,,,Bibliotheksentleihungen,,,,,Inkar,156240,,,2017,2017,X,,
449,,,Zentrale Orte Monitoring,,,Bodenfläche gesamt qkm,,,,,Inkar,151080,,,2017,2020,X,,
450,,,Zentrale Orte Monitoring,,,Breitbandversorgung mit 100 Mbit/s in %,,,,,Inkar,154210,,,2017,2020,X,,
451,,,Zentrale Orte Monitoring,,,Breitbandversorgung mit 1000 Mbit/s in %,,,,,Inkar,154220,,,2020,2020,X,,
452,,,Zentrale Orte Monitoring,,,Breitbandversorgung mit 16 Mbit/s in %,,,,,Inkar,154190,,,2017,2017,X,,
453,,,Zentrale Orte Monitoring,,,Breitbandversorgung mit 50 Mbit/s in %,,,,,Inkar,154200,,,2017,2020,X,,
454,,,Zentrale Orte Monitoring,,,Breitbandversorgung mit mind. 6 Mbit/s (4G-LTE) Mbit/s in %,,,,,Inkar,154230,,,2020,2020,X,,
455,,,Zentrale Orte Monitoring,,,Bus-Abfahrten,,,,,Inkar,154110,,,2018,2020,X,,
456,,,Zentrale Orte Monitoring,,,Bushaltestellen,,,,,Inkar,154030,,,2018,2020,X,,
457,,,Zentrale Orte Monitoring,,,Einwohner je Arzt,,,,,Inkar,155120,,,2017,2020,X,,
458,,,Zentrale Orte Monitoring,,,Einwohnerdichte,,,,,Inkar,151090,,,2017,2020,X,,
459,,,Zentrale Orte Monitoring,,,Erreichbarkeit Autobahnen,,,,,Inkar,154140,,,2018,2021,X,,
460,,,Zentrale Orte Monitoring,,,Erreichbarkeit Flughäfen,,,,,Inkar,154150,,,2018,2021,X,,
461,,,Zentrale Orte Monitoring,,,Erreichbarkeit KV-Terminal,,,,,Inkar,154160,,,2018,2021,X,,
462,,,Zentrale Orte Monitoring,,,Erreichbarkeit von IC-/EC-/ICE-Bahnhöfen,,,,,Inkar,154130,,,2018,2021,X,,
463,,,Zentrale Orte Monitoring,,,Erreichbarkeit von Mittelzentren,,,,,Inkar,154170,,,2018,2021,X,,
464,,,Zentrale Orte Monitoring,,,Erreichbarkeit von Oberzentren,,,,,Inkar,154180,,,2018,2021,X,,
465,,,Zentrale Orte Monitoring,,,Finanzämter,,,,,Inkar,152030,,,2018,2018,X,,
466,,,Zentrale Orte Monitoring,,,Gemeindeverwaltungen,,,,,Inkar,152010,,,2017,2019,X,,
467,,,Zentrale Orte Monitoring,,,Gerichte,,,,,Inkar,152110,,,2018,2020,X,,
468,,,Zentrale Orte Monitoring,,,Grundschulen,,,,,Inkar,156050,,,2018,2019,X,,
469,,,Zentrale Orte Monitoring,,,Hausärzte,,,,,Inkar,155130,,,2017,2020,X,,
470,,,Zentrale Orte Monitoring,,,Hochschulen gesamt,,,,,Inkar,156010,,,2017,2020,X,,
471,,,Zentrale Orte Monitoring,,,Höchste Versorgungsstufe der Krankenhäuser,,,,,Inkar,155060,,,2019,2019,X,,
472,,,Zentrale Orte Monitoring,,,Internisten,,,,,Inkar,155150,,,2017,2020,X,,
473,,,Zentrale Orte Monitoring,,,Jobcenter,,,,,Inkar,152080,,,2021,2021,X,,
474,,,Zentrale Orte Monitoring,,,Kinderärzte,,,,,Inkar,155160,,,2017,2020,X,,
475,,,Zentrale Orte Monitoring,,,Kinos,,,,,Inkar,156250,,,2017,2017,X,,
476,,,Zentrale Orte Monitoring,,,Kinositzplätze,,,,,Inkar,156270,,,2017,2017,X,,
477,,,Zentrale Orte Monitoring,,,Kinosäle,,,,,Inkar,156260,,,2017,2017,X,,
478,,,Zentrale Orte Monitoring,,,Krankenhausbetten,,,,,Inkar,155070,,,2019,2019,X,,
479,,,Zentrale Orte Monitoring,,,Krankenhausbetten je 1.000 Einwohner,,,,,Inkar,155080,,,2019,2019,X,,
480,,,Zentrale Orte Monitoring,,,Krankenhäuser insgesamt,,,,,Inkar,155010,,,2019,2019,X,,
481,,,Zentrale Orte Monitoring,,,Krankenhäuser mit Grundversorgung,,,,,Inkar,155030,,,2019,2019,X,,
482,,,Zentrale Orte Monitoring,,,Krankenhäuser mit Regelversorgung,,,,,Inkar,155040,,,2019,2019,X,,
483,,,Zentrale Orte Monitoring,,,Krankenhäuser mit Schwerpunktversorgung,,,,,Inkar,155050,,,2019,2019,X,,
484,,,Zentrale Orte Monitoring,,,Krankenhäuser unter Grundversorgung,,,,,Inkar,155020,,,2019,2019,X,,
485,,,Zentrale Orte Monitoring,,,Kreisverwaltungen,,,,,Inkar,152020,,,2017,2019,X,,
486,,,Zentrale Orte Monitoring,,,Landgerichte,,,,,Inkar,152140,,,2018,2020,X,,
487,,,Zentrale Orte Monitoring,,,Nebenstelle eines Amtsgerichts,,,,,Inkar,152130,,,2018,2020,X,,
488,,,Zentrale Orte Monitoring,,,Nebenstelle eines Landgerichts,,,,,Inkar,152150,,,2018,2020,X,,
489,,,Zentrale Orte Monitoring,,,Nebenstelle eines Oberlandesgerichts,,,,,Inkar,152170,,,2018,2020,X,,
490,,,Zentrale Orte Monitoring,,,Oberlandesgerichte,,,,,Inkar,152160,,,2018,2020,X,,
491,,,Zentrale Orte Monitoring,,,Pendlersaldo,,,,,Inkar,153080,,,2017,2020,X,,
492,,,Zentrale Orte Monitoring,,,Polizeidienststellen,,,,,Inkar,152040,,,2019,2019,X,,
493,,,Zentrale Orte Monitoring,,,"Polizeidienststellen, durchgehend besetzt",,,,,Inkar,152060,,,2019,2019,X,,
494,,,Zentrale Orte Monitoring,,,"Polizeidienststellen, teilweise besetzt",,,,,Inkar,152050,,,2019,2019,X,,
495,,,Zentrale Orte Monitoring,,,Raumtyp nach Lage,,,,,Inkar,151050,,,2020,2020,X,,
496,,,Zentrale Orte Monitoring,,,RegioStaR 17 - Regionalstatistischer Raumtyp,,,,,Inkar,151060,,,2020,2020,X,,
497,,,Zentrale Orte Monitoring,,,Schüler an Grundschulen,,,,,Inkar,156060,,,2018,2019,X,,
498,,,Zentrale Orte Monitoring,,,Schüler an Grundschulen je 1.000 Einwohner,,,,,Inkar,156070,,,2018,2019,X,,
499,,,Zentrale Orte Monitoring,,,Schüler an allgemeinbildenden Schulen,,,,,Inkar,156090,,,2018,2019,X,,
500,,,Zentrale Orte Monitoring,,,Schüler an allgemeinbildenden Schulen je 1.000 Einwohner,,,,,Inkar,156100,,,2018,2019,X,,
501,,,Zentrale Orte Monitoring,,,Schüler an allgemeinbildenden Schulen mit Förderschwerpunkt,,,,,Inkar,156150,,,2018,2019,X,,
502,,,Zentrale Orte Monitoring,,,Schüler an allgemeinbildenden Schulen mit Förderschwerpunkt je 1.000 Einwohner,,,,,Inkar,156160,,,2018,2019,X,,
503,,,Zentrale Orte Monitoring,,,Schüler an berufsbildenden Schulen,,,,,Inkar,156180,,,2017,2019,X,,
504,,,Zentrale Orte Monitoring,,,Schüler an berufsbildenden Schulen je 1.000 Einwohner,,,,,Inkar,156190,,,2017,2019,X,,
505,,,Zentrale Orte Monitoring,,,Schüler an weiterführenden Schulen,,,,,Inkar,156120,,,2018,2019,X,,
506,,,Zentrale Orte Monitoring,,,Schüler an weiterführenden Schulen je 1.000 Einwohner,,,,,Inkar,156130,,,2018,2019,X,,
507,,,Zentrale Orte Monitoring,,,Siedlungs- und Verkehrsfläche,,,,,Inkar,151110,,,2017,2020,X,,
508,,,Zentrale Orte Monitoring,,,Siedlungsdichte in km²,,,,,Inkar,151120,,,2017,2020,X,,
509,,,Zentrale Orte Monitoring,,,Sonstige Arbeitsmarktverwaltungseinrichtungen,,,,,Inkar,152100,,,2021,2021,X,,
510,,,Zentrale Orte Monitoring,,,Spezialbibliotheken,,,,,Inkar,156230,,,2017,2017,X,,
511,,,Zentrale Orte Monitoring,,,Stadt-/Gemeindetyp,,,,,Inkar,151040,,,2020,2020,X,,
512,,,Zentrale Orte Monitoring,,,Studierende an Fachhochschulen je 1.000 Einwohner,,,,,Inkar,156040,,,2017,2020,X,,
513,,,Zentrale Orte Monitoring,,,Studierende an Hochschulen,,,,,Inkar,156020,,,2017,2020,X,,
514,,,Zentrale Orte Monitoring,,,Studierende an Hochschulen je 1.000 Einwohner,,,,,Inkar,156030,,,2017,2020,X,,
515,,,Zentrale Orte Monitoring,,,U-/Strassenbahnhaltestellen,,,,,Inkar,154040,,,2018,2020,X,,
516,,,Zentrale Orte Monitoring,,,U-/Straßenbahn-Abfahrten,,,,,Inkar,154120,,,2018,2020,X,,
517,,,Zentrale Orte Monitoring,,,Weiterführende Schulen,,,,,Inkar,156110,,,2018,2019,X,,
518,,,Zentrale Orte Monitoring,,,Wissenschaftliche Bibliotheken,,,,,Inkar,156220,,,2017,2017,X,,
519,,,Zentrale Orte Monitoring,,,Zentralörtlicher Status,,,,,Inkar,151010,,,2020,2020,X,,
520,,,Zentrale Orte Monitoring,,,Zentralörtlicher Status (differenziert),,,,,Inkar,151030,,,2020,2020,X,,
521,,,Zentrale Orte Monitoring,,,Zentralörtlicher Status (zusammengefasst),,,,,Inkar,151020,,,2020,2020,X,,
522,,,Zentrale Orte Monitoring,,,hochfrequentierte Bahnhaltestellen,,,,,Inkar,154060,,,2020,2020,X,,
523,,,Zentrale Orte Monitoring,,,hochfrequentierte Bushaltestellen,,,,,Inkar,154070,,,2020,2020,X,,
524,,,Zentrale Orte Monitoring,,,hochfrequentierte U-/Strassenbahnhaltestellen,,,,,Inkar,154080,,,2020,2020,X,,
525,,,Zentrale Orte Monitoring,,,hochfrequentierte ÖV-Haltestellen,,,,,Inkar,154050,,,2020,2020,X,,
526,,,Zentrale Orte Monitoring,,,sozialversicherungspflichtig Beschäftigte Auspendler,,,,,Inkar,153060,,,2017,2020,X,,
527,,,Zentrale Orte Monitoring,,,sozialversicherungspflichtig Beschäftigte Binnenpendler,,,,,Inkar,153070,,,2017,2020,X,,
528,,,Zentrale Orte Monitoring,,,sozialversicherungspflichtig Beschäftigte Einpendler,,,,,Inkar,153050,,,2017,2020,X,,
529,,,Zentrale Orte Monitoring,,,sozialversicherungspflichtig Beschäftigte am Arbeitsort,,,,,Inkar,153010,,,2017,2020,X,,
530,,,Zentrale Orte Monitoring,,,sozialversicherungspflichtig Beschäftigte am Wohnort,,,,,Inkar,153020,,,2017,2020,X,,
531,,,Zentrale Orte Monitoring,,,Ärzte,,,,,Inkar,155110,,,2017,2020,X,,
532,,,Zentrale Orte Monitoring,,,ÖV-Abfahrten,,,,,Inkar,154090,,,2018,2020,X,,
533,,,Zentrale Orte Monitoring,,,ÖV-Haltestellen,,,,,Inkar,154010,,,2018,2020,X,,
534,,,Zentrale Orte Monitoring,,,Öffentliche Bibliotheken,,,,,Inkar,156210,,,2017,2017,X,,
535,,,Öffentliche Finanzen,,,Ausgaben für Sachinvestitionen,,,,,Inkar,14929,,,2009,2020,,X,X
536,,,Öffentliche Finanzen,,,Einkommensteuer,,,,,Inkar,14610,,,1995,2020,,X,X
537,,,Öffentliche Finanzen,,,Gewerbesteuer,,,,,Inkar,14611,,,1995,2020,,X,X
538,,,Öffentliche Finanzen,,,Kassenkredite,,,,,Inkar,14927,,,2010,2020,,,X
539,,,Öffentliche Finanzen,,,Kommunale Schulden,,,,,Inkar,14612,,,2010,2020,,,X
540,,,Öffentliche Finanzen,,,Personal der Kommunen,,,,,Inkar,14928,,,2006,2019,,,X
541,,,Öffentliche Finanzen,,,Schlüsselzuweisungen,,,,,Inkar,14926,,,1995,2020,,X,X
542,,,Öffentliche Finanzen,,,Steuerkraft,,,,,Inkar,14586,,,1995,2019,,X,X
543,,,Öffentliche Finanzen,,,Umsatzsteuer,,,,,Inkar,14906,,,1995,2020,,X,X
544,,,Öffentliche Finanzen,,,Zuweisungen für Investitionsfördermaßnahmen,,,,,Inkar,14930,,,2009,2020,,X,X
