,select,category,category_de,category_nl,name,name_de,algorithmus,description,statistical_basis,name_nl,source_de,source_id_de,source_nl,source_id_nl,gemeinden,kreise,zeitbezug_gemeinden,zeitbezug_kreise
0,,,Absolutzahlen,,,Arbeitslose,,,,,Inkar,2176,,,,X,,1995 - 2020
1,,,Absolutzahlen,,,Bruttoinlandsprodukt in 1000 Euro,,,,,Inkar,4273,,,,X,,2000 - 2020
2,,,Absolutzahlen,,,Sozialversicherungspflichtig Beschäftigte am Wohnort,,,,,Inkar,8766,,,,X,,1997 - 2020
3,,,Absolutzahlen,,,Sozialversicherungspflichtig Beschäftigte am Arbeitsort,,,,,Inkar,8774,,,,X,,1997 - 2020
4,,,Absolutzahlen,,,Bevölkerung (mit Korrektur VZ 1987/Zensus 2011),,,,,Inkar,10806,,,,X,,1995 - 2020
5,,,Absolutzahlen,,,Bevölkerung gesamt,,,,,Inkar,12586,,,,X,,1995 - 2020
6,,,Absolutzahlen,,,Bevölkerung weiblich,,,,,Inkar,12746,,,,X,,1995 - 2020
7,,,Absolutzahlen,,,Bevölkerung männlich,,,,,Inkar,12747,,,,X,,1995 - 2020
8,,,Absolutzahlen,,,Erwerbsfähige Bevölkerung (15 bis unter 65 Jahre),,,,,Inkar,16607,,,,X,,1995 - 2020
9,,,Absolutzahlen,,,Bodenfläche gesamt qkm,,,,,Inkar,18168,,,,X,,1996 - 2020
10,,,Absolutzahlen,,,Erwerbstätige,,,,,Inkar,18602,,,,X,,2000 - 2020
11,,,Arbeitslosigkeit,,,Arbeitslosenquote,,,,,Inkar,14574,,,,X,,1998 - 2020
12,,,Arbeitslosigkeit,,,Langzeitarbeitslose,,,,,Inkar,14575,,,,X,,1995 - 2020
13,,,Arbeitslosigkeit,,,Arbeitslosenquote Frauen,,,,,Inkar,14986,,,,X,,2008 - 2020
14,,,Arbeitslosigkeit,,,Arbeitslosenquote Männer,,,,,Inkar,14987,,,,X,,2008 - 2020
15,,,Arbeitslosigkeit,,,Arbeitslose Frauen,,,,,Inkar,15026,,,,X,,1995 - 2020
16,,,Arbeitslosigkeit,,,Arbeitslose Männer,,,,,Inkar,15027,,,,X,,1995 - 2020
17,,,Arbeitslosigkeit,,,Ausländische Arbeitslose,,,,,Inkar,15028,,,,X,,1995 - 2020
18,,,Arbeitslosigkeit,,,Ausländische weibliche Arbeitslose,,,,,Inkar,15029,,,,X,,1998 - 2020
19,,,Arbeitslosigkeit,,,Ausländische männliche Arbeitslose,,,,,Inkar,15030,,,,X,,1998 - 2020
20,,,Arbeitslosigkeit,,,Arbeitslose ohne Ausbildung,,,,,Inkar,15031,,,,X,,2009 - 2020
21,,,Arbeitslosigkeit,,,Arbeitslose mit Anforderungsniveau Experte,,,,,Inkar,15032,,,,X,,2010 - 2020
22,,,Arbeitslosigkeit,,,Arbeitslose mit Anforderungsniveau Spezialist,,,,,Inkar,15033,,,,X,,2010 - 2020
23,,,Arbeitslosigkeit,,,Arbeitslose mit Anforderungsniveau Fachkraft,,,,,Inkar,15034,,,,X,,2010 - 2020
24,,,Arbeitslosigkeit,,,Arbeitslose mit Anforderungsniveau Helfer,,,,,Inkar,15035,,,,X,,2010 - 2020
25,,,Arbeitslosigkeit,,,Anteil jüngere Arbeitslose,,,,,Inkar,15127,,,,X,,1995 - 2020
26,,,Arbeitslosigkeit,,,Arbeitslosenquote Jüngere,,,,,Inkar,15506,,,,X,,2008 - 2020
27,,,Arbeitslosigkeit,,,Offene Stellen mit Anforderungsniveau Experte,,,,,Inkar,16266,,,,X,,2008 - 2020
28,,,Arbeitslosigkeit,,,Offene Stellen mit Anforderungsniveau Spezialist,,,,,Inkar,16267,,,,X,,2008 - 2020
29,,,Arbeitslosigkeit,,,Offene Stellen mit Anforderungsniveau Fachkraft,,,,,Inkar,16268,,,,X,,2008 - 2020
30,,,Arbeitslosigkeit,,,Offene Stellen mit Anforderungsniveau Helfer,,,,,Inkar,16269,,,,X,,2008 - 2020
31,,,Arbeitslosigkeit,,,Jüngere Arbeitslose,,,,,Inkar,16271,,,,X,,1995 - 2020
32,,,Arbeitslosigkeit,,,Anteil weibliche jüngere Arbeitslose,,,,,Inkar,16286,,,,X,,1998 - 2020
33,,,Arbeitslosigkeit,,,Weibliche jüngere Arbeitslose,,,,,Inkar,16287,,,,X,,1998 - 2020
34,,,Arbeitslosigkeit,,,Anteil männliche jüngere Arbeitslose,,,,,Inkar,16288,,,,X,,1998 - 2020
35,,,Arbeitslosigkeit,,,Männliche jüngere Arbeitslose,,,,,Inkar,16306,,,,X,,1998 - 2020
36,,,Arbeitslosigkeit,,,Anteil ältere Arbeitslose,,,,,Inkar,16326,,,,X,,1998 - 2020
37,,,Arbeitslosigkeit,,,Ältere Arbeitslose,,,,,Inkar,16346,,,,X,,1998 - 2020
38,,,Arbeitslosigkeit,,,Anteil weibliche ältere Arbeitslose,,,,,Inkar,16347,,,,X,,1998 - 2020
39,,,Arbeitslosigkeit,,,Weibliche ältere Arbeitslose,,,,,Inkar,16348,,,,X,,1998 - 2020
40,,,Arbeitslosigkeit,,,Anteil männliche ältere Arbeitslose,,,,,Inkar,16367,,,,X,,1998 - 2020
41,,,Arbeitslosigkeit,,,Männliche ältere Arbeitslose,,,,,Inkar,16368,,,,X,,1998 - 2020
42,,,Arbeitslosigkeit,,,Arbeitslosenquote Ältere,,,,,Inkar,16386,,,,X,,2008 - 2020
43,,,Arbeitslosigkeit,,,Weibliche Langzeitarbeitslose,,,,,Inkar,16446,,,,X,,1998 - 2020
44,,,Arbeitslosigkeit,,,Männliche Langzeitarbeitslose,,,,,Inkar,16466,,,,X,,1998 - 2020
45,,,Bauen und Wohnen,,,Baulandpreise,,,,,Inkar,15167,,,,X,,1995 - 2020
46,,,Bauen und Wohnen,,,Baugenehmigungen für Wohnungen,,,,,Inkar,16027,,,,X,,1995 - 2020
47,,,Bauen und Wohnen,,,Baugenehmigungen für Wohnungen in Ein- und Zweifamilienhäusern,,,,,Inkar,16028,,,,X,,2003 - 2020
48,,,Bauen und Wohnen,,,Baugenehmigungen für Wohnungen in Mehrfamilienhäusern,,,,,Inkar,16686,,,,X,,1995 - 2020
49,,,Bauen und Wohnen,,,Fertiggestellte Wohnungen im Bestand,,,,,Inkar,16709,,,,X,,2011 - 2020
50,,,Bauen und Wohnen,,,Neue Ein- und Zweifamilienhäuser,,,,,Inkar,16746,,,,X,,2000 - 2020
51,,,Bauen und Wohnen,,,Neubauwohnungen in Ein- und Zweifamilienhäusern,,,,,Inkar,16747,,,,X,,2000 - 2020
52,,,Bauen und Wohnen,,,Neubauwohnungen je Einwohner,,,,,Inkar,16748,,,,X,,1995 - 2020
53,,,Bauen und Wohnen,,,Neubauwohnungen in Ein- und Zweifamilienhäusern je Einwohner,,,,,Inkar,16766,,,,X,,2000 - 2020
54,,,Bauen und Wohnen,,,Neubauwohnungen in Mehrfamilienhäusern,,,,,Inkar,16786,,,,X,,1995 - 2020
55,,,Bauen und Wohnen,,,Fertiggestellte Wohngebäude mit erneuerbarer Heizenergie,,,,,Inkar,16806,,,,X,,2016 - 2020
56,,,Bauen und Wohnen,,,Fertiggestellte Wohnungen mit erneuerbarer Heizenergie,,,,,Inkar,16807,,,,X,,2017 - 2020
57,,,Bauen und Wohnen,,,Ein- und Zweifamilienhäuser,,,,,Inkar,17355,,,,X,,2011 - 2020
58,,,Bauen und Wohnen,,,Mehrfamilienhäuser,,,,,Inkar,17356,,,,X,,2011 - 2020
59,,,Bauen und Wohnen,,,Ein- und Zweiraumwohnungen,,,,,Inkar,17357,,,,X,,2011 - 2020
60,,,Bauen und Wohnen,,,5- und mehr Raum-Wohnungen,,,,,Inkar,17358,,,,X,,2011 - 2020
61,,,Bauen und Wohnen,,,Wohnfläche,,,,,Inkar,17359,,,,X,,2011 - 2020
62,,,Bauen und Wohnen,,,Wohnungen in Ein- und Zweifamilienhäusern,,,,,Inkar,17789,,,,X,,2011 - 2020
63,,,Bauen und Wohnen,,,Wohnungen in Mehrfamilienhäusern,,,,,Inkar,17790,,,,X,,2011 - 2020
64,,,Beschäftigung und Erwerbstätigkeit,,,Unterbeschäftigungsquote,,,,,Inkar,14382,,,,X,,2011 - 2019
65,,,Beschäftigung und Erwerbstätigkeit,,,Aufstocker,,,,,Inkar,14386,,,,X,,2007 - 2020
66,,,Beschäftigung und Erwerbstätigkeit,,,Anteil Minijobs (ausschließlich) an den Beschäftigungsverhältnissen,,,,,Inkar,15007,,,,X,,2003 - 2020
67,,,Beschäftigung und Erwerbstätigkeit,,,Kurzarbeiter,,,,,Inkar,16046,,,,X,,2007 - 2020
68,,,Beschäftigung und Erwerbstätigkeit,,,Anteil Minijobs an den Beschäftigungsverhältnissen,,,,,Inkar,16727,,,,X,,2003 - 2020
69,,,Beschäftigung und Erwerbstätigkeit,,,Anteil Minijobs (Nebenverdienst) an den Beschäftigungsverhältnissen,,,,,Inkar,16728,,,,X,,2003 - 2020
70,,,Beschäftigung und Erwerbstätigkeit,,,Anteil Minijobs (ausschließlich) an geringfügig Beschäftigten,,,,,Inkar,16729,,,,X,,2003 - 2020
71,,,Beschäftigung und Erwerbstätigkeit,,,Anteil Minijobs (Nebenverdienst),,,,,Inkar,17029,,,,X,,2003 - 2020
72,,,Beschäftigung und Erwerbstätigkeit,,,Anteil Minijobs (Frauen),,,,,Inkar,17033,,,,X,,2003 - 2020
73,,,Beschäftigung und Erwerbstätigkeit,,,Anteil Minijobs (Männer),,,,,Inkar,17034,,,,X,,2003 - 2020
74,,,Beschäftigung und Erwerbstätigkeit,,,Geringfügig Beschäftigte 65 Jahre und älter,,,,,Inkar,17035,,,,X,,2007 - 2020
75,,,Beschäftigung und Erwerbstätigkeit,,,Geringfügig Beschäftigte 65 Jahre und älter männlich,,,,,Inkar,17036,,,,X,,2007 - 2020
76,,,Beschäftigung und Erwerbstätigkeit,,,Geringfügig Beschäftigte 65 Jahre und älter weiblich,,,,,Inkar,17037,,,,X,,2007 - 2020
77,,,Beschäftigung und Erwerbstätigkeit,,,Beschäftigte Pimärer Sektor,,,,,Inkar,17038,,,,X,,2008 - 2020
78,,,Beschäftigung und Erwerbstätigkeit,,,Beschäftigte Sekundärer Sektor,,,,,Inkar,17040,,,,X,,2008 - 2020
79,,,Beschäftigung und Erwerbstätigkeit,,,Beschäftigte Tertiärer Sektor,,,,,Inkar,17047,,,,X,,2008 - 2020
80,,,Beschäftigung und Erwerbstätigkeit,,,Industriequote,,,,,Inkar,17049,,,,X,,2008 - 2020
81,,,Beschäftigung und Erwerbstätigkeit,,,Dienstleistungsquote,,,,,Inkar,17051,,,,X,,2008 - 2020
82,,,Beschäftigung und Erwerbstätigkeit,,,Beschäftigte in unternehmensbezogenen Dienstleistungen,,,,,Inkar,17053,,,,X,,2009 - 2020
83,,,Beschäftigung und Erwerbstätigkeit,,,Erwerbstätige Primärer Sektor,,,,,Inkar,17056,,,,X,,2000 - 2020
84,,,Beschäftigung und Erwerbstätigkeit,,,Erwerbstätige Sekundärer Sektor,,,,,Inkar,17058,,,,X,,2000 - 2020
85,,,Beschäftigung und Erwerbstätigkeit,,,Erwerbstätige Tertiärer Sektor,,,,,Inkar,17059,,,,X,,2000 - 2020
86,,,Beschäftigung und Erwerbstätigkeit,,,Beschäftigte in Kreativbranchen,,,,,Inkar,17061,,,,X,,2008 - 2020
87,,,Beschäftigung und Erwerbstätigkeit,,,Beschäftigte in wissensintensiven Industrien,,,,,Inkar,17062,,,,X,,2009 - 2020
88,,,Beschäftigung und Erwerbstätigkeit,,,Anteil Erwerbstätige Verarbeitendes Gewerbe an Industrie,,,,,Inkar,17063,,,,X,,2000 - 2020
89,,,Beschäftigung und Erwerbstätigkeit,,,Anteil Erwerbstätige Finanz- und Unternehmensdienstleistungen,,,,,Inkar,17064,,,,X,,2000 - 2020
90,,,Beschäftigung und Erwerbstätigkeit,,,Beschäftigte im Handwerk,,,,,Inkar,17065,,,,X,,2010 - 2020
91,,,Beschäftigung und Erwerbstätigkeit,,,Teilzeitbeschäftigte,,,,,Inkar,17506,,,,X,,2012 - 2020
92,,,Beschäftigung und Erwerbstätigkeit,,,Beschäftigtenquote Ausländer,,,,,Inkar,17507,,,,X,,2011 - 2020
93,,,Beschäftigung und Erwerbstätigkeit,,,Beschäftigtenquote,,,,,Inkar,17508,,,,X,,1997 - 2020
94,,,Beschäftigung und Erwerbstätigkeit,,,Quote jüngere Beschäftigte,,,,,Inkar,17509,,,,X,,2010 - 2020
95,,,Beschäftigung und Erwerbstätigkeit,,,Quote ältere Beschäftigte,,,,,Inkar,17510,,,,X,,2005 - 2020
96,,,Beschäftigung und Erwerbstätigkeit,,,Beschäftigtenquote Frauen,,,,,Inkar,17511,,,,X,,1997 - 2020
97,,,Beschäftigung und Erwerbstätigkeit,,,Verhältnis junge zu alte Erwerbsfähige,,,,,Inkar,17513,,,,X,,1995 - 2020
98,,,Beschäftigung und Erwerbstätigkeit,,,Beschäftigtenquote Männer,,,,,Inkar,17514,,,,X,,1997 - 2020
99,,,Beschäftigung und Erwerbstätigkeit,,,Erwerbsquote,,,,,Inkar,17515,,,,X,,1998 - 2020
100,,,Beschäftigung und Erwerbstätigkeit,,,Erwerbsquote Frauen,,,,,Inkar,17516,,,,X,,2008 - 2020
101,,,Beschäftigung und Erwerbstätigkeit,,,Erwerbsquote Männer,,,,,Inkar,17517,,,,X,,2008 - 2020
102,,,Beschäftigung und Erwerbstätigkeit,,,Selbständigenquote,,,,,Inkar,17518,,,,X,,2000 - 2020
103,,,Beschäftigung und Erwerbstätigkeit,,,Teilzeitbeschäftige Frauen,,,,,Inkar,17519,,,,X,,2012 - 2020
104,,,Beschäftigung und Erwerbstätigkeit,,,Beschäftigte am AO ohne Berufsabschluss,,,,,Inkar,17521,,,,X,,2012 - 2020
105,,,Beschäftigung und Erwerbstätigkeit,,,Beschäftigte am AO mit Berufsabschluss,,,,,Inkar,17522,,,,X,,2012 - 2020
106,,,Beschäftigung und Erwerbstätigkeit,,,Beschäftigte am AO mit akademischem Berufsabschluss,,,,,Inkar,17523,,,,X,,2012 - 2020
107,,,Beschäftigung und Erwerbstätigkeit,,,Beschäftigte mit Anforderungsniveau Experte,,,,,Inkar,17524,,,,X,,2013 - 2020
108,,,Beschäftigung und Erwerbstätigkeit,,,Beschäftigte mit Anforderungsniveau Fachkraft,,,,,Inkar,17525,,,,X,,2013 - 2020
109,,,Beschäftigung und Erwerbstätigkeit,,,Beschäftigte mit Anforderungsniveau Helfer,,,,,Inkar,17526,,,,X,,2013 - 2020
110,,,Beschäftigung und Erwerbstätigkeit,,,Beschäftigte mit Anforderungsniveau Spezialist,,,,,Inkar,17527,,,,X,,2013 - 2020
111,,,Beschäftigung und Erwerbstätigkeit,,,Beschäftigte in IT- und naturwissenschaftlichen Dienstleistungsberufen,,,,,Inkar,17806,,,,X,,2013 - 2020
112,,,Beschäftigung und Erwerbstätigkeit,,,Beschäftigte am WO mit akademischen Abschluss,,,,,Inkar,18167,,,,X,,2012 - 2020
113,,,Beschäftigung und Erwerbstätigkeit,,,Beschäftigte am WO ohne Berufsabschluss,,,,,Inkar,18487,,,,X,,2012 - 2020
114,,,Beschäftigung und Erwerbstätigkeit,,,Beschäftigte am WO mit Berufsabschluss,,,,,Inkar,18586,,,,X,,2012 - 2020
115,,,Bevölkerung,,,Frauenanteil,,,,,Inkar,14006,,,,X,,1995 - 2020
116,,,Bevölkerung,,,Einwohner 65 Jahre und älter,,,,,Inkar,14688,,,,X,,1995 - 2020
117,,,Bevölkerung,,,Binnenwanderungssaldo,,,,,Inkar,14690,,,,X,,1995 - 2020
118,,,Bevölkerung,,,Außenwanderungssaldo,,,,,Inkar,14691,,,,X,,1995 - 2020
119,,,Bevölkerung,,,Einwohner 75 Jahre und älter,,,,,Inkar,14706,,,,X,,1995 - 2020
120,,,Bevölkerung,,,Ausländeranteil,,,,,Inkar,14707,,,,X,,1995 - 2020
121,,,Bevölkerung,,,Schutzsuchende an Bevölkerung,,,,,Inkar,14806,,,,X,,2007 - 2020
122,,,Bevölkerung,,,Schutzsuchende an ausländischer Bevölkerung,,,,,Inkar,14807,,,,X,,2007 - 2020
123,,,Bevölkerung,,,Einwohner unter 6 Jahre,,,,,Inkar,15410,,,,X,,1995 - 2020
124,,,Bevölkerung,,,Einwohner von 6 bis unter 18 Jahren,,,,,Inkar,15426,,,,X,,1995 - 2020
125,,,Bevölkerung,,,Gesamtwanderungssaldo,,,,,Inkar,15490,,,,X,,1995 - 2020
126,,,Bevölkerung,,,Säuglingssterblichkeit (<1 Jahr),,,,,Inkar,15491,,,,X,,2000 - 2020
127,,,Bevölkerung,,,Einwohner von 18 bis unter 25 Jahren,,,,,Inkar,16109,,,,X,,1995 - 2020
128,,,Bevölkerung,,,Einwohner von 25 bis unter 30 Jahren,,,,,Inkar,16126,,,,X,,1995 - 2020
129,,,Bevölkerung,,,Einwohner von 30 bis unter 50 Jahren,,,,,Inkar,16146,,,,X,,1995 - 2020
130,,,Bevölkerung,,,Einwohner von 50 bis unter 65 Jahren,,,,,Inkar,16147,,,,X,,1995 - 2020
131,,,Bevölkerung,,,Weibliche Einwohner 75 Jahre und älter,,,,,Inkar,16167,,,,X,,1995 - 2020
132,,,Bevölkerung,,,Einwohner unter 3 Jahren,,,,,Inkar,16186,,,,X,,1995 - 2020
133,,,Bevölkerung,,,Einwohner von 3 bis unter 6 Jahren,,,,,Inkar,16206,,,,X,,1995 - 2020
134,,,Bevölkerung,,,Weibliche Einwohner von 18 bis unter 25 Jahren,,,,,Inkar,16826,,,,X,,1995 - 2020
135,,,Bevölkerung,,,Weibliche Einwohner von 25 bis unter 30 Jahren,,,,,Inkar,16846,,,,X,,1995 - 2020
136,,,Bevölkerung,,,Weibliche Einwohner 65 Jahre und älter,,,,,Inkar,16866,,,,X,,1995 - 2020
137,,,Bevölkerung,,,Einwohner von 65 bis unter 75 Jahren,,,,,Inkar,16886,,,,X,,1995 - 2020
138,,,Bevölkerung,,,Weibliche Einwohner von 65 bis unter 75 Jahren,,,,,Inkar,16906,,,,X,,1995 - 2020
139,,,Bevölkerung,,,Einwohner von 75 bis unter 85 Jahren,,,,,Inkar,16926,,,,X,,2011 - 2020
140,,,Bevölkerung,,,Einwohner 85 Jahre und älter,,,,,Inkar,16929,,,,X,,2011 - 2020
141,,,Bevölkerung,,,Weibliche Einwohner von 75 bis unter 85 Jahren,,,,,Inkar,16931,,,,X,,2011 - 2020
142,,,Bevölkerung,,,Weibliche Einwohner 85 Jahre und älter,,,,,Inkar,16932,,,,X,,2011 - 2020
143,,,Bevölkerung,,,Durchschnittsalter der Bevölkerung,,,,,Inkar,16933,,,,X,,1995 - 2020
144,,,Bevölkerung,,,Stimmenanteile CDU/CSU,,,,,Inkar,16935,,,,X,,1998 - 2021
145,,,Bevölkerung,,,Stimmenanteile SPD,,,,,Inkar,16936,,,,X,,1998 - 2021
146,,,Bevölkerung,,,Stimmenanteile Grüne,,,,,Inkar,16937,,,,X,,1998 - 2021
147,,,Bevölkerung,,,Stimmenanteile FDP,,,,,Inkar,16938,,,,X,,1998 - 2021
148,,,Bevölkerung,,,Stimmenanteile Sonstige Parteien,,,,,Inkar,16939,,,,X,,1998 - 2021
149,,,Bevölkerung,,,Stimmenanteile Die Linke,,,,,Inkar,16940,,,,X,,1998 - 2021
150,,,Bevölkerung,,,Stimmenanteile AfD,,,,,Inkar,16941,,,,X,,2017 - 2021
151,,,Bevölkerung,,,Ausländerinnen,,,,,Inkar,16942,,,,X,,1995 - 2020
152,,,Bevölkerung,,,Ehescheidungen,,,,,Inkar,16943,,,,X,,2003 - 2020
153,,,Bevölkerung,,,Eheschließungen,,,,,Inkar,16944,,,,X,,2015 - 2020
154,,,Bevölkerung,,,Abhängigenquote Junge,,,,,Inkar,16945,,,,X,,1995 - 2020
155,,,Bevölkerung,,,Abhängigenquote Alte,,,,,Inkar,16987,,,,X,,1995 - 2020
156,,,Bevölkerung,,,Frauenanteil 20 bis unter 40 Jahre,,,,,Inkar,16989,,,,X,,1995 - 2020
157,,,Bevölkerung,,,Haushaltsgröße,,,,,Inkar,17006,,,,X,,2013 - 2020
158,,,Bevölkerung,,,Einpersonenhaushalte,,,,,Inkar,17007,,,,X,,2013 - 2020
159,,,Bevölkerung,,,Einbürgerungen je Ausländer,,,,,Inkar,17026,,,,X,,2015 - 2020
160,,,Bevölkerung,,,Einbürgerungen je Einwohner,,,,,Inkar,17027,,,,X,,2015 - 2020
161,,,Bevölkerung,,,Außenwanderungssaldo Frauen,,,,,Inkar,17039,,,,X,,2003 - 2020
162,,,Bevölkerung,,,Außenwanderungssaldo Männer,,,,,Inkar,17046,,,,X,,2003 - 2020
163,,,Bevölkerung,,,Binnenwanderungssaldo Frauen,,,,,Inkar,17048,,,,X,,2003 - 2020
164,,,Bevölkerung,,,Binnenwanderungssaldo Männer,,,,,Inkar,17050,,,,X,,2003 - 2020
165,,,Bevölkerung,,,Bildungswanderer,,,,,Inkar,17052,,,,X,,1995 - 2020
166,,,Bevölkerung,,,Weibliche Bildungswanderer,,,,,Inkar,17054,,,,X,,2003 - 2020
167,,,Bevölkerung,,,Männliche Bildungswanderer,,,,,Inkar,17057,,,,X,,2003 - 2020
168,,,Bevölkerung,,,Berufseinstiegswanderer,,,,,Inkar,17060,,,,X,,1995 - 2020
169,,,Bevölkerung,,,Weibliche Berufseinstiegswanderer,,,,,Inkar,17086,,,,X,,2003 - 2020
170,,,Bevölkerung,,,Männliche Berufseinstiegswanderer,,,,,Inkar,17087,,,,X,,2003 - 2020
171,,,Bevölkerung,,,Ruhestandswanderer,,,,,Inkar,17089,,,,X,,1995 - 2020
172,,,Bevölkerung,,,Familienwanderer,,,,,Inkar,17090,,,,X,,1995 - 2020
173,,,Bevölkerung,,,Erwerbswanderer,,,,,Inkar,17091,,,,X,,1995 - 2020
174,,,Bevölkerung,,,Binnenwanderungsvolumen,,,,,Inkar,17092,,,,X,,1995 - 2020
175,,,Bevölkerung,,,Binnenwanderungsvolumen der Frauen,,,,,Inkar,17106,,,,X,,2003 - 2020
176,,,Bevölkerung,,,Binnenwanderungsvolumen der Männer,,,,,Inkar,17107,,,,X,,2003 - 2020
177,,,Bevölkerung,,,Zuzugsrate,,,,,Inkar,17126,,,,X,,1995 - 2020
178,,,Bevölkerung,,,Fortzugsrate,,,,,Inkar,17127,,,,X,,1995 - 2020
179,,,Bevölkerung,,,Zuzugsrate Frauen,,,,,Inkar,17128,,,,X,,2003 - 2020
180,,,Bevölkerung,,,Fortzugsrate Frauen,,,,,Inkar,17129,,,,X,,2003 - 2020
181,,,Bevölkerung,,,Zuzugsrate Männer,,,,,Inkar,17130,,,,X,,2003 - 2020
182,,,Bevölkerung,,,Fortzugsrate Männer,,,,,Inkar,17131,,,,X,,2003 - 2020
183,,,Bevölkerung,,,Geborene,,,,,Inkar,17334,,,,X,,1995 - 2020
184,,,Bevölkerung,,,Gestorbene,,,,,Inkar,17335,,,,X,,1995 - 2020
185,,,Bevölkerung,,,Fertilitätsrate,,,,,Inkar,17346,,,,X,,1995 - 2020
186,,,Bevölkerung,,,Geburten junger Mütter (<20 Jahre),,,,,Inkar,17347,,,,X,,1995 - 2020
187,,,Bevölkerung,,,Geburten älterer Mütter (>=40 Jahre),,,,,Inkar,17348,,,,X,,1995 - 2020
188,,,Bevölkerung,,,Restlebenserwartung der 60-Jährigen,,,,,Inkar,17349,,,,X,,1995 - 2020
189,,,Bevölkerung,,,Restlebenserwartung der 60-jährigen Frauen,,,,,Inkar,17350,,,,X,,1995 - 2017
190,,,Bevölkerung,,,Restlebenserwartung der 60-jährigen Männer,,,,,Inkar,17351,,,,X,,1995 - 2017
191,,,Bevölkerung,,,Lebenserwartung Frauen,,,,,Inkar,17352,,,,X,,1995 - 2017
192,,,Bevölkerung,,,Lebenserwartung Männer,,,,,Inkar,17353,,,,X,,1995 - 2017
193,,,Bevölkerung,,,Lebenserwartung,,,,,Inkar,17354,,,,X,,1995 - 2020
194,,,Bevölkerung,,,Wahlbeteiligung,,,,,Inkar,17388,,,,X,,1998 - 2021
195,,,Bevölkerung,,,Natürlicher Saldo,,,,,Inkar,17448,,,,X,,1995 - 2020
196,,,Bevölkerung,,,Haushalte mit Kindern,,,,,Inkar,17800,,,,X,,2013 - 2020
197,,,Bildung,,,Weibliche Schulabgänger ohne Abschluss,,,,,Inkar,14126,,,,X,,1995 - 2020
198,,,Bildung,,,Weibliche Schulabgänger mit allgemeiner Hochschulreife,,,,,Inkar,14146,,,,X,,1995 - 2020
199,,,Bildung,,,Schulabgänger mit allgemeiner Hochschulreife,,,,,Inkar,14149,,,,X,,1995 - 2020
200,,,Bildung,,,Schulabgänger ohne Abschluss,,,,,Inkar,14166,,,,X,,1995 - 2020
201,,,Bildung,,,Männliche Schulabgänger ohne Abschluss,,,,,Inkar,14187,,,,X,,1995 - 2020
202,,,Bildung,,,Männliche Schulabgänger mit allgemeiner Hochschulreife,,,,,Inkar,14567,,,,X,,1995 - 2020
203,,,Bildung,,,Studierende,,,,,Inkar,15146,,,,X,,1995 - 2020
204,,,Bildung,,,Ausländische Studierende,,,,,Inkar,15147,,,,X,,1998 - 2020
205,,,Bildung,,,Schüler,,,,,Inkar,15148,,,,X,,1995 - 2020
206,,,Bildung,,,Ausländische Schüler,,,,,Inkar,15149,,,,X,,1995 - 2020
207,,,Bildung,,,Ausbildungsplätze,,,,,Inkar,16408,,,,X,,1995 - 2019
208,,,Bildung,,,Auszubildende,,,,,Inkar,16426,,,,X,,1995 - 2020
209,,,Bildung,,,Weibliche Auszubildende,,,,,Inkar,16428,,,,X,,1995 - 2020
210,,,Bildung,,,Männliche Auszubildende,,,,,Inkar,16429,,,,X,,1995 - 2020
211,,,Bildung,,,Studierende an FH,,,,,Inkar,16430,,,,X,,2006 - 2020
212,,,Bildung,,,Weibliche Studierende,,,,,Inkar,16431,,,,X,,1995 - 2020
213,,,Bildung,,,Männliche Studierende,,,,,Inkar,16432,,,,X,,1995 - 2020
214,,,Bildung,,,Studierende im 1. Semester,,,,,Inkar,16433,,,,X,,1995 - 2020
215,,,Bildung,,,Auszubildende je 100 Einwohner 15 bis 25 Jahre,,,,,Inkar,16434,,,,X,,2010 - 2020
216,,,Bildung,,,Studierende je 100 Einwohner 18 bis 25 Jahre,,,,,Inkar,16435,,,,X,,1995 - 2020
217,,,Bildung,,,Ausländische Schüler je 100 Ausländer 6 bis 18 Jahre,,,,,Inkar,16467,,,,X,,2011 - 2020
218,,,Bildung,,,Schulabgänger mit Hauptschulabschluss,,,,,Inkar,16506,,,,X,,1995 - 2020
219,,,Bildung,,,Weibliche Schulabgänger mit Hauptschulabschluss,,,,,Inkar,16526,,,,X,,1995 - 2020
220,,,Bildung,,,Männliche Schulabgänger mit Hauptschulabschluss,,,,,Inkar,16527,,,,X,,1995 - 2020
221,,,Bildung,,,Schulabgänger mit mittlerem Abschluss,,,,,Inkar,16528,,,,X,,2016 - 2020
222,,,Bildung,,,Weibliche Schulabgänger mit mittlerem Abschluss,,,,,Inkar,16530,,,,X,,2016 - 2020
223,,,Bildung,,,Männliche Schulabgänger mit mittlerem Abschluss,,,,,Inkar,16531,,,,X,,2016 - 2020
224,,,Bildung,,,Ausländische Berufsschüler,,,,,Inkar,17466,,,,X,,1995 - 2020
225,,,Bildung,,,Berufsschüler,,,,,Inkar,17467,,,,X,,1995 - 2020
226,,,Bildung,,,Berufsschülerinnen,,,,,Inkar,17468,,,,X,,1995 - 2020
227,,,Flächennutzung und Umwelt,,,Landwirtschaftsfläche,,,,,Inkar,14666,,,,X,,2016 - 2020
228,,,Flächennutzung und Umwelt,,,Waldfläche,,,,,Inkar,14668,,,,X,,2016 - 2020
229,,,Flächennutzung und Umwelt,,,Erholungsfläche je Einwohner,,,,,Inkar,15008,,,,X,,2016 - 2020
230,,,Flächennutzung und Umwelt,,,Siedlungsdichte in km²,,,,,Inkar,16407,,,,X,,2016 - 2020
231,,,Flächennutzung und Umwelt,,,Siedlungs- und Verkehrsfläche,,,,,Inkar,16436,,,,X,,2016 - 2020
232,,,Flächennutzung und Umwelt,,,Erholungsfläche,,,,,Inkar,16437,,,,X,,2016 - 2020
233,,,Flächennutzung und Umwelt,,,Wasserfläche,,,,,Inkar,16529,,,,X,,2016 - 2020
234,,,Flächennutzung und Umwelt,,,Naturnähere Fläche,,,,,Inkar,16532,,,,X,,2016 - 2020
235,,,Flächennutzung und Umwelt,,,Naturnähere Fläche je Einwohner,,,,,Inkar,16533,,,,X,,2016 - 2020
236,,,Flächennutzung und Umwelt,,,Freifläche,,,,,Inkar,16546,,,,X,,2016 - 2020
237,,,Flächennutzung und Umwelt,,,Freifläche je Einwohner,,,,,Inkar,16547,,,,X,,2016 - 2020
238,,,Flächennutzung und Umwelt,,,Abfallmenge,,,,,Inkar,16947,,,,X,,2002 - 2020
239,,,Flächennutzung und Umwelt,,,Haushaltsabfälle,,,,,Inkar,16948,,,,X,,2007 - 2020
240,,,Flächennutzung und Umwelt,,,Haus- und Sperrmüll,,,,,Inkar,16949,,,,X,,2007 - 2020
241,,,Flächennutzung und Umwelt,,,Organischer Abfall,,,,,Inkar,16950,,,,X,,2007 - 2020
242,,,Flächennutzung und Umwelt,,,Wertstoffe,,,,,Inkar,16951,,,,X,,2007 - 2020
243,,,Flächennutzung und Umwelt,,,Stickstoffüberschuss,,,,,Inkar,17586,,,,X,,1996 - 2018
244,,,Medizinische und soziale Versorgung,,,Betreuungsquote Kleinkinder,,,,,Inkar,14470,,,,X,,2006 - 2020
245,,,Medizinische und soziale Versorgung,,,Ganztags-Betreuungsquote Kleinkinder,,,,,Inkar,14471,,,,X,,2007 - 2018
246,,,Medizinische und soziale Versorgung,,,Betreuungsquote Vorschulkinder,,,,,Inkar,14472,,,,X,,2006 - 2020
247,,,Medizinische und soziale Versorgung,,,Ganztags-Betreuungsquote Vorschulkinder,,,,,Inkar,14473,,,,X,,2007 - 2018
248,,,Medizinische und soziale Versorgung,,,Kinder ausländischer Herkunft in Tageseinrichtungen,,,,,Inkar,14474,,,,X,,2009 - 2018
249,,,Medizinische und soziale Versorgung,,,Pädagogisches Personal in Tageseinrichtungen,,,,,Inkar,14475,,,,X,,2010 - 2020
250,,,Medizinische und soziale Versorgung,,,Integrative Kindertageseinrichtungen,,,,,Inkar,14476,,,,X,,2007 - 2020
251,,,Medizinische und soziale Versorgung,,,Ambulante Pflege,,,,,Inkar,14486,,,,X,,2009 - 2019
252,,,Medizinische und soziale Versorgung,,,Stationäre Pflege,,,,,Inkar,14487,,,,X,,2009 - 2019
253,,,Medizinische und soziale Versorgung,,,Empfänger von Pflegegeld,,,,,Inkar,14488,,,,X,,2009 - 2019
254,,,Medizinische und soziale Versorgung,,,Pflegeheimplätze,,,,,Inkar,14489,,,,X,,2003 - 2019
255,,,Medizinische und soziale Versorgung,,,Krankenhausbetten,,,,,Inkar,15492,,,,X,,2004 - 2020
256,,,Medizinische und soziale Versorgung,,,Pflegebedürftige,,,,,Inkar,15495,,,,X,,2009 - 2019
257,,,Medizinische und soziale Versorgung,,,Hausärzte,,,,,Inkar,16226,,,,X,,2015 - 2020
258,,,Medizinische und soziale Versorgung,,,Kinderärzte,,,,,Inkar,16227,,,,X,,2015 - 2020
259,,,Medizinische und soziale Versorgung,,,Ärzte,,,,,Inkar,16228,,,,X,,2015 - 2020
260,,,Medizinische und soziale Versorgung,,,Allgemeinärzte,,,,,Inkar,16229,,,,X,,2015 - 2020
261,,,Medizinische und soziale Versorgung,,,Internisten,,,,,Inkar,16230,,,,X,,2015 - 2020
262,,,Medizinische und soziale Versorgung,,,Personal in Pflegeheimen,,,,,Inkar,17627,,,,X,,2009 - 2019
263,,,Medizinische und soziale Versorgung,,,Personal in Pflegediensten,,,,,Inkar,17628,,,,X,,2009 - 2019
264,,,Privateinkommen und private Schulden,,,Einzelhandelsrelevante Kaufkraft,,,,,Inkar,10786,,,,X,,2015 - 2020
265,,,Privateinkommen und private Schulden,,,Haushaltseinkommen,,,,,Inkar,14709,,,,X,,2000 - 2019
266,,,Privateinkommen und private Schulden,,,Verbraucherinsolvenzverfahren Gläubigerforderungen,,,,,Inkar,16011,,,,X,,2007 - 2020
267,,,Privateinkommen und private Schulden,,,Medianeinkommen,,,,,Inkar,17134,,,,X,,2014 - 2020
268,,,Privateinkommen und private Schulden,,,Verbraucherinsolvenzverfahren,,,,,Inkar,17166,,,,X,,2007 - 2020
269,,,Privateinkommen und private Schulden,,,Anteil Selbständige an Insolvenzen,,,,,Inkar,17168,,,,X,,2007 - 2020
270,,,Privateinkommen und private Schulden,,,Schuldnerquote,,,,,Inkar,17188,,,,X,,2004 - 2019
271,,,Privateinkommen und private Schulden,,,Medianeinkommen Frauen,,,,,Inkar,17295,,,,X,,2014 - 2020
272,,,Privateinkommen und private Schulden,,,Medianeinkommen Männer,,,,,Inkar,17296,,,,X,,2014 - 2020
273,,,Privateinkommen und private Schulden,,,Medianeinkommen 25 bis unter 55-Jährige,,,,,Inkar,17297,,,,X,,2014 - 2020
274,,,Privateinkommen und private Schulden,,,Medianeinkommen 55 bis unter 65-Jährige,,,,,Inkar,17298,,,,X,,2014 - 2020
275,,,Privateinkommen und private Schulden,,,Medianeinkommen anerkannter Berufsabschluss,,,,,Inkar,17299,,,,X,,2014 - 2020
276,,,Privateinkommen und private Schulden,,,Medianeinkommen akademischer Berufsabschluss,,,,,Inkar,17300,,,,X,,2014 - 2020
277,,,Privateinkommen und private Schulden,,,Arbeitsvolumen,,,,,Inkar,17477,,,,X,,2000 - 2020
278,,,Privateinkommen und private Schulden,,,Bruttoverdienst,,,,,Inkar,17478,,,,X,,2000 - 2020
279,,,Privateinkommen und private Schulden,,,Bruttoverdienst im Produzierenden Gewerbe,,,,,Inkar,17479,,,,X,,2000 - 2020
280,,,Privateinkommen und private Schulden,,,Kaufkraft,,,,,Inkar,17707,,,,X,,2013 - 2020
281,,,Privateinkommen und private Schulden,,,Haushalte mit niedrigem Einkommen,,,,,Inkar,18386,,,,X,,2013 - 2020
282,,,Privateinkommen und private Schulden,,,Haushalte mit mittlerem Einkommen,,,,,Inkar,18387,,,,X,,2013 - 2020
283,,,Privateinkommen und private Schulden,,,Haushalte mit hohem Einkommen,,,,,Inkar,18388,,,,X,,2013 - 2020
284,,,Raumwirksame Mittel,,,Städtebauförderung (kurzfristig),,,,,Inkar,17169,,,,X,,2019 - 2020
285,,,Raumwirksame Mittel,,,"GRW, Bereich Förderung der gewerblichen Wirtschaft (langfristig)",,,,,Inkar,17173,,,,X,,2019 - 2020
286,,,Raumwirksame Mittel,,,"GRW, Bereich Förderung wirtschaftsnaher Infrastruktur (langfristig)",,,,,Inkar,17174,,,,X,,2019 - 2020
287,,,Raumwirksame Mittel,,,Hochschulförderung (langfristig),,,,,Inkar,17175,,,,X,,2019 - 2020
288,,,Raumwirksame Mittel,,,Arbeitsmarktpolitische Hilfen der BA für Arbeit (langfristig),,,,,Inkar,17176,,,,X,,2019 - 2020
289,,,Raumwirksame Mittel,,,Direkte Projektförderung (langfristig),,,,,Inkar,17177,,,,X,,2019 - 2020
290,,,Raumwirksame Mittel,,,"GRW, Bereich Förderung der gewerblichen Wirtschaft (kurzfristig)",,,,,Inkar,17178,,,,X,,2019 - 2020
291,,,Raumwirksame Mittel,,,"GRW, Bereich Förderung wirtschaftsnaher Infrastruktur (kurzfristig)",,,,,Inkar,17180,,,,X,,2019 - 2020
292,,,Raumwirksame Mittel,,,Hochschulförderung (kurzfristig),,,,,Inkar,17182,,,,X,,2019 - 2020
293,,,Raumwirksame Mittel,,,Arbeitsmarktpolitische Hilfen der BA für Arbeit (kurzfristig),,,,,Inkar,17183,,,,X,,2019 - 2020
294,,,Raumwirksame Mittel,,,Direkte Projektförderung (kurfristig),,,,,Inkar,17184,,,,X,,2019 - 2020
295,,,Raumwirksame Mittel,,,Städtebauförderung (langfristig),,,,,Inkar,17607,,,,X,,2019 - 2020
296,,,SDG-Indikatoren für Kommunen,,,SGB II-/SGB XII-Quote,,,,,Inkar,160010,,,,X,,2014 - 2019
297,,,SDG-Indikatoren für Kommunen,,,Kinderarmut,,,,,Inkar,160020,,,,X,,2016 - 2020
298,,,SDG-Indikatoren für Kommunen,,,Empfänger von Grundsicherung im Alter (Altersarmut),,,,,Inkar,160030,,,,X,,2008 - 2019
299,,,SDG-Indikatoren für Kommunen,,,Stickstoffüberschuss,,,,,Inkar,160040,,,,X,,1996 - 2018
300,,,SDG-Indikatoren für Kommunen,,,Vorzeitige Sterblichkeit Frauen,,,,,Inkar,160050,,,,X,,2011 - 2017
301,,,SDG-Indikatoren für Kommunen,,,Vorzeitige Sterblichkeit Männer,,,,,Inkar,160060,,,,X,,2011 - 2017
302,,,SDG-Indikatoren für Kommunen,,,Wohnungsnahe Grundversorgung Hausarzt,,,,,Inkar,160070,,,,X,,2021 - 2021
303,,,SDG-Indikatoren für Kommunen,,,Krankenhausversorgung,,,,,Inkar,160080,,,,X,,2004 - 2020
304,,,SDG-Indikatoren für Kommunen,,,Wohnungsnahe Grundversorgung Apotheke,,,,,Inkar,160090,,,,X,,2021 - 2021
305,,,SDG-Indikatoren für Kommunen,,,Personal in Pflegeheimen,,,,,Inkar,160100,,,,X,,2009 - 2019
306,,,SDG-Indikatoren für Kommunen,,,Personal in Pflegediensten,,,,,Inkar,160110,,,,X,,2009 - 2019
307,,,SDG-Indikatoren für Kommunen,,,Pflegeheimplätze,,,,,Inkar,160120,,,,X,,2003 - 2019
308,,,SDG-Indikatoren für Kommunen,,,Wohnungsnahe Grundversorgung Grundschule,,,,,Inkar,160130,,,,X,,2018 - 2018
309,,,SDG-Indikatoren für Kommunen,,,Schulabgänger ohne Abschluss,,,,,Inkar,160140,,,,X,,1995 - 2020
310,,,SDG-Indikatoren für Kommunen,,,Betreuungsquote Kleinkinder,,,,,Inkar,160150,,,,X,,2006 - 2020
311,,,SDG-Indikatoren für Kommunen,,,Integrative Kindertageseinrichtungen,,,,,Inkar,160160,,,,X,,2007 - 2020
312,,,SDG-Indikatoren für Kommunen,,,Verhältnis der Beschäftigungsquote von Frauen zu Männern,,,,,Inkar,160170,,,,X,,1997 - 2020
313,,,SDG-Indikatoren für Kommunen,,,Verdienstabstand zwischen Frauen und Männern,,,,,Inkar,160180,,,,X,,2014 - 2020
314,,,SDG-Indikatoren für Kommunen,,,Frauenanteil in Stadträten und Kreistagen,,,,,Inkar,160190,,,,X,,2013 - 2019
315,,,SDG-Indikatoren für Kommunen,,,Bruttoinlandsprodukt je Einwohner,,,,,Inkar,160200,,,,X,,2000 - 2020
316,,,SDG-Indikatoren für Kommunen,,,Langzeitarbeitslose,,,,,Inkar,160210,,,,X,,1995 - 2020
317,,,SDG-Indikatoren für Kommunen,,,Beschäftigtenquote,,,,,Inkar,160220,,,,X,,1997 - 2020
318,,,SDG-Indikatoren für Kommunen,,,Quote ältere Beschäftigte,,,,,Inkar,160230,,,,X,,2005 - 2020
319,,,SDG-Indikatoren für Kommunen,,,Aufstocker,,,,,Inkar,160240,,,,X,,2007 - 2020
320,,,SDG-Indikatoren für Kommunen,,,Mietpreise,,,,,Inkar,160250,,,,X,,2010 - 2021
321,,,SDG-Indikatoren für Kommunen,,,Beschäftigte am AO mit akademischem Berufsabschluss,,,,,Inkar,160260,,,,X,,2012 - 2020
322,,,SDG-Indikatoren für Kommunen,,,Breitbandversorgung,,,,,Inkar,160270,,,,X,,2017 - 2020
323,,,SDG-Indikatoren für Kommunen,,,Beschäftigtenquote Ausländer,,,,,Inkar,160280,,,,X,,2011 - 2020
324,,,SDG-Indikatoren für Kommunen,,,Einbürgerungen je Ausländer,,,,,Inkar,160290,,,,X,,2015 - 2020
325,,,SDG-Indikatoren für Kommunen,,,Wohnfläche,,,,,Inkar,160300,,,,X,,2011 - 2020
326,,,SDG-Indikatoren für Kommunen,,,Wohnungsnahe Grundversorgung Supermarkt,,,,,Inkar,160310,,,,X,,2021 - 2021
327,,,SDG-Indikatoren für Kommunen,,,Pkw-Dichte,,,,,Inkar,160320,,,,X,,1995 - 2020
328,,,SDG-Indikatoren für Kommunen,,,Verunglückte im Straßenverkehr,,,,,Inkar,160330,,,,X,,1995 - 2020
329,,,SDG-Indikatoren für Kommunen,,,Siedlungs- und Verkehrsfläche,,,,,Inkar,160340,,,,X,,2016 - 2020
330,,,SDG-Indikatoren für Kommunen,,,Flächenneuinanspruchnahme,,,,,Inkar,160350,,,,X,,2017 - 2020
331,,,SDG-Indikatoren für Kommunen,,,Siedlungs- und Verkehrsfläche je Einwohner,,,,,Inkar,160360,,,,X,,2016 - 2020
332,,,SDG-Indikatoren für Kommunen,,,Erholungsfläche je Einwohner,,,,,Inkar,160370,,,,X,,2016 - 2020
333,,,SDG-Indikatoren für Kommunen,,,Fertiggestellte Wohngebäude mit erneuerbarer Heizenergie,,,,,Inkar,160380,,,,X,,2016 - 2020
334,,,SDG-Indikatoren für Kommunen,,,Trinkwasserverbrauch,,,,,Inkar,160390,,,,X,,1998 - 2019
335,,,SDG-Indikatoren für Kommunen,,,Abfallmenge,,,,,Inkar,160400,,,,X,,2002 - 2020
336,,,SDG-Indikatoren für Kommunen,,,Steuereinnahmen,,,,,Inkar,160410,,,,X,,1995 - 2019
337,,,SDG-Indikatoren für Kommunen,,,Kassenkredite,,,,,Inkar,160420,,,,X,,2010 - 2020
338,,,Siedlungsstruktur,,,Einwohnerdichte,,,,,Inkar,17186,,,,X,,1996 - 2020
339,,,Siedlungsstruktur,,,Ländlichkeit,,,,,Inkar,17329,,,,X,,2019 - 2019
340,,,Siedlungsstruktur,,,Bevölkerung in Mittelzentren,,,,,Inkar,17330,,,,X,,2019 - 2019
341,,,Siedlungsstruktur,,,Bevölkerung in Oberzentren,,,,,Inkar,17331,,,,X,,2019 - 2019
342,,,Siedlungsstruktur,,,Einwohner-Arbeitsplatz-Dichte,,,,,Inkar,17332,,,,X,,2000 - 2020
343,,,Siedlungsstruktur,,,Regionales Bevölkerungspotenzial,,,,,Inkar,17726,,,,X,,2008 - 2019
344,,,Sozialleistungen,,,ALG I-Leistungen,,,,,Inkar,2633,,,,X,,2006 - 2020
345,,,Sozialleistungen,,,ALG I-Leistungen Männer,,,,,Inkar,2636,,,,X,,2006 - 2020
346,,,Sozialleistungen,,,ALG I-Leistungen Frauen,,,,,Inkar,2639,,,,X,,2006 - 2020
347,,,Sozialleistungen,,,SGB II - Quote,,,,,Inkar,14426,,,,X,,2010 - 2020
348,,,Sozialleistungen,,,Einpersonen-Bedarfsgemeinschaften,,,,,Inkar,14428,,,,X,,2007 - 2020
349,,,Sozialleistungen,,,Große Bedarfsgemeinschaften,,,,,Inkar,14429,,,,X,,2007 - 2020
350,,,Sozialleistungen,,,Bedarfsgemeinschaften mit Kindern,,,,,Inkar,14430,,,,X,,2007 - 2020
351,,,Sozialleistungen,,,Erwerbsfähige Leistungsberechtigte,,,,,Inkar,14434,,,,X,,2007 - 2020
352,,,Sozialleistungen,,,Erwerbsfähige Leistungsberechtigte (Frauen),,,,,Inkar,14435,,,,X,,2007 - 2020
353,,,Sozialleistungen,,,Junge erwerbsfähige Leistungsberechtigte,,,,,Inkar,14436,,,,X,,2007 - 2020
354,,,Sozialleistungen,,,Alleinerziehende erwerbsfähige Leistungsberechtigte,,,,,Inkar,14437,,,,X,,2007 - 2020
355,,,Sozialleistungen,,,Personen in Bedarfsgemeinschaften,,,,,Inkar,14438,,,,X,,2007 - 2020
356,,,Sozialleistungen,,,Kinderarmut,,,,,Inkar,14439,,,,X,,2016 - 2020
357,,,Sozialleistungen,,,Asylbewerber,,,,,Inkar,14443,,,,X,,2010 - 2020
358,,,Sozialleistungen,,,Wohngeldhaushalte,,,,,Inkar,14444,,,,X,,2013 - 2020
359,,,Sozialleistungen,,,Wohngeldhaushalte (Mietzuschuss),,,,,Inkar,14445,,,,X,,1995 - 2020
360,,,Sozialleistungen,,,Wohngeldhaushalte (Lastenzuschuss),,,,,Inkar,14446,,,,X,,1995 - 2020
361,,,Sozialleistungen,,,Elterngeldbezieher (Väter) im ersten Lebensjahr,,,,,Inkar,14466,,,,X,,2017 - 2018
362,,,Sozialleistungen,,,Elterngeldbezieher (Väter),,,,,Inkar,14467,,,,X,,2017 - 2018
363,,,Sozialleistungen,,,Elterngeldbezieher (Mütter),,,,,Inkar,14468,,,,X,,2017 - 2018
364,,,Sozialleistungen,,,Empfänger von Mindestsicherungen,,,,,Inkar,14694,,,,X,,2011 - 2019
365,,,Sozialleistungen,,,Ältere erwerbsfähige Leistungsberechtigte,,,,,Inkar,16966,,,,X,,2007 - 2020
366,,,Sozialleistungen,,,Weibliche Empfänger von Grundsicherung im Alter (Altersarmut),,,,,Inkar,16967,,,,X,,2008 - 2019
367,,,Sozialleistungen,,,Männliche Empfänger von Grundsicherung im Alter (Altersarmut),,,,,Inkar,16986,,,,X,,2008 - 2019
368,,,Sozialleistungen,,,Weibliche SGB II-Empfänger,,,,,Inkar,16988,,,,X,,2010 - 2020
369,,,Sozialleistungen,,,SGBII-Leistungen,,,,,Inkar,17406,,,,X,,2008 - 2020
370,,,Sozialleistungen,,,ALG II-Leistungen (Höhe),,,,,Inkar,17407,,,,X,,2008 - 2020
371,,,Sozialleistungen,,,ALG II-Leistungen an SGBII,,,,,Inkar,17408,,,,X,,2008 - 2020
372,,,Sozialleistungen,,,Leistungen für Unterkunft (Höhe),,,,,Inkar,17409,,,,X,,2008 - 2020
373,,,Sozialleistungen,,,Leistungen für Unterkunft an SGBII,,,,,Inkar,17410,,,,X,,2008 - 2020
374,,,Sozialleistungen,,,Leistungen für Wohngeld,,,,,Inkar,17411,,,,X,,2016 - 2020
375,,,Sozialleistungen,,,Empfänger von Grundsicherung im Alter (Altersarmut),,,,,Inkar,18328,,,,X,,2008 - 2019
376,,,Verkehr und Erreichbarkeit,,,Nahversorgung Supermärkte Durchschnittsdistanz,,,,,Inkar,6326,,,,X,,2021 - 2021
377,,,Verkehr und Erreichbarkeit,,,Nahversorgung Apotheken Durchschnittsdistanz,,,,,Inkar,6328,,,,X,,2021 - 2021
378,,,Verkehr und Erreichbarkeit,,,Nahversorgung Grundschulen Durchschnittsdistanz,,,,,Inkar,6329,,,,X,,2021 - 2021
379,,,Verkehr und Erreichbarkeit,,,Nahversorgung Supermärkte Anteil der Bev. 1km Radius,,,,,Inkar,7786,,,,X,,2021 - 2021
380,,,Verkehr und Erreichbarkeit,,,Nahversorgung Grundschulen Anteil der Bev. 1km Radius,,,,,Inkar,7789,,,,X,,2021 - 2021
381,,,Verkehr und Erreichbarkeit,,,Nahversorgung Apotheken Anteil der Bev. 1km Radius,,,,,Inkar,7792,,,,X,,2021 - 2021
382,,,Verkehr und Erreichbarkeit,,,Nahversorgung Haltestellen des ÖV Durchschnittsdistanz,,,,,Inkar,8750,,,,X,,2020 - 2020
383,,,Verkehr und Erreichbarkeit,,,Nahversorgung Haltestellen des ÖV Anteil der Bev. 1km Radius,,,,,Inkar,8753,,,,X,,2020 - 2020
384,,,Verkehr und Erreichbarkeit,,,Pkw-Dichte,,,,,Inkar,16566,,,,X,,1995 - 2020
385,,,Verkehr und Erreichbarkeit,,,Straßenverkehrsunfälle,,,,,Inkar,16567,,,,X,,1995 - 2020
386,,,Verkehr und Erreichbarkeit,,,Verunglückte im Straßenverkehr,,,,,Inkar,16586,,,,X,,1995 - 2020
387,,,Verkehr und Erreichbarkeit,,,Getötete im Straßenverkehr,,,,,Inkar,16606,,,,X,,1995 - 2020
388,,,Verkehr und Erreichbarkeit,,,Pendler mit Arbeitsweg 50 km und mehr,,,,,Inkar,17261,,,,X,,2013 - 2019
389,,,Verkehr und Erreichbarkeit,,,Einpendler,,,,,Inkar,17308,,,,X,,1997 - 2020
390,,,Verkehr und Erreichbarkeit,,,Auspendler,,,,,Inkar,17309,,,,X,,1997 - 2020
391,,,Verkehr und Erreichbarkeit,,,Pendler mit Arbeitsweg 150 km und mehr,,,,,Inkar,17462,,,,X,,2013 - 2019
392,,,Verkehr und Erreichbarkeit,,,Pendler mit Arbeitsweg 300 km und mehr,,,,,Inkar,17463,,,,X,,2013 - 2019
393,,,Verkehr und Erreichbarkeit,,,Pendlersaldo,,,,,Inkar,17606,,,,X,,1997 - 2020
394,,,Verkehr und Erreichbarkeit,,,Ladepunkte je 100.000 Einwohner,,,,,Inkar,17962,,,,X,,2017 - 2021
395,,,Verkehr und Erreichbarkeit,,,Ladepunkte je 100 Elektrofahrzeuge (BEV),,,,,Inkar,17970,,,,X,,2020 - 2021
396,,,Verkehr und Erreichbarkeit,,,Pkw Elektro (BEV),,,,,Inkar,17972,,,,X,,2020 - 2021
397,,,Verkehr und Erreichbarkeit,,,Pkw Diesel,,,,,Inkar,17986,,,,X,,2020 - 2021
398,,,Verkehr und Erreichbarkeit,,,Pkw Hybrid insgesamt,,,,,Inkar,17987,,,,X,,2020 - 2021
399,,,Verkehr und Erreichbarkeit,,,Pkw Plug-In-Hybrid (PHEV),,,,,Inkar,17988,,,,X,,2020 - 2021
400,,,Verkehr und Erreichbarkeit,,,Pkw Benzin,,,,,Inkar,17989,,,,X,,2020 - 2021
401,,,Verkehr und Erreichbarkeit,,,Pkw Gas,,,,,Inkar,17990,,,,X,,2020 - 2021
402,,,Verkehr und Erreichbarkeit,,,Erreichbarkeit von Autobahnen,,,,,Inkar,18806,,,,X,,2021 - 2021
403,,,Verkehr und Erreichbarkeit,,,Erreichbarkeit von Flughäfen,,,,,Inkar,18807,,,,X,,2021 - 2021
404,,,Verkehr und Erreichbarkeit,,,Erreichbarkeit von IC/EC/ICE-Bahnhöfen,,,,,Inkar,18808,,,,X,,2021 - 2021
405,,,Verkehr und Erreichbarkeit,,,Erreichbarkeit von Mittelzentren,,,,,Inkar,18810,,,,X,,2021 - 2021
406,,,Verkehr und Erreichbarkeit,,,Erreichbarkeit von Oberzentren,,,,,Inkar,18811,,,,X,,2021 - 2021
407,,,Wirtschaft,,,Bruttoinlandsprodukt je Erwerbstätigen,,,,,Inkar,14708,,,,X,,2000 - 2020
408,,,Wirtschaft,,,Bruttoinlandsprodukt je Einwohner,,,,,Inkar,15125,,,,X,,2000 - 2020
409,,,Wirtschaft,,,Bruttowertschöpfung je Erwerbstätigen,,,,,Inkar,15126,,,,X,,2000 - 2020
410,,,Wirtschaft,,,Bruttowertschöpfung je Erwerbstätigen Primärer Sektor,,,,,Inkar,15380,,,,X,,2000 - 2020
411,,,Wirtschaft,,,Bruttowertschöpfung je Erwerbstätigen Sekundärer Sektor,,,,,Inkar,15381,,,,X,,2000 - 2020
412,,,Wirtschaft,,,Bruttowertschöpfung je Erwerbstätigen Tertiärer Sektor,,,,,Inkar,15382,,,,X,,2000 - 2020
413,,,Wirtschaft,,,Kleinbetriebe,,,,,Inkar,15511,,,,X,,2006 - 2020
414,,,Wirtschaft,,,Mittlere Unternehmen,,,,,Inkar,15512,,,,X,,2006 - 2020
415,,,Wirtschaft,,,Großunternehmen,,,,,Inkar,15513,,,,X,,2006 - 2020
416,,,Wirtschaft,,,Schlafgelegenheiten in Beherbergungsbetrieben,,,,,Inkar,16548,,,,X,,2019 - 2020
417,,,Wirtschaft,,,Gästeübernachtungen in Beherbergungsbetrieben,,,,,Inkar,16549,,,,X,,1995 - 2020
418,,,Wirtschaft,,,Ausländische Gäste in Beherbergungsbetrieben,,,,,Inkar,16550,,,,X,,2007 - 2020
419,,,Wirtschaft,,,Verweildauer in Beherbergungsbetrieben,,,,,Inkar,16551,,,,X,,1995 - 2020
420,,,Wirtschaft,,,Kleinstbetriebe,,,,,Inkar,17028,,,,X,,2006 - 2020
421,,,Wirtschaft,,,Anteil Bruttowertschöpfung Primärer Sektor,,,,,Inkar,17030,,,,X,,2000 - 2020
422,,,Wirtschaft,,,Anteil Bruttowertschöpfung Sekundärer Sektor,,,,,Inkar,17031,,,,X,,2000 - 2020
423,,,Wirtschaft,,,Anteil Bruttowertschöpfung Tertiärer Sektor,,,,,Inkar,17032,,,,X,,2000 - 2020
424,,,Wirtschaft,,,Umsatz im Handwerk,,,,,Inkar,17055,,,,X,,2010 - 2018
425,,,Wirtschaft,,,Umsatz Bauhauptgewerbe,,,,,Inkar,17088,,,,X,,1995 - 2019
426,,,Wirtschaft,,,Umsatz im Bergbau u. Verarb. Gewerbe,,,,,Inkar,17170,,,,X,,2009 - 2020
427,,,Wirtschaft,,,Auslandsumsatz im Bergbau u. Verarb. Gewerbe,,,,,Inkar,17171,,,,X,,2009 - 2020
428,,,Wirtschaft,,,Investitionen im Bergbau und Verarb. Gewerbe,,,,,Inkar,17172,,,,X,,2009 - 2019
429,,,Wirtschaft,,,Unternehmensinsolvenzen,,,,,Inkar,17255,,,,X,,2007 - 2020
430,,,Wirtschaft,,,Unternehmensinsolvenzen Gläubigerforderungen,,,,,Inkar,17993,,,,X,,2007 - 2020
431,,,Zentrale Orte Monitoring,,,Zentralörtlicher Status,,,,,Inkar,151010,,,X,,2020 - 2020,
432,,,Zentrale Orte Monitoring,,,Zentralörtlicher Status (zusammengefasst),,,,,Inkar,151020,,,X,,2020 - 2020,
433,,,Zentrale Orte Monitoring,,,Zentralörtlicher Status (differenziert),,,,,Inkar,151030,,,X,,2020 - 2020,
434,,,Zentrale Orte Monitoring,,,Stadt-/Gemeindetyp,,,,,Inkar,151040,,,X,,2020 - 2020,
435,,,Zentrale Orte Monitoring,,,Raumtyp nach Lage,,,,,Inkar,151050,,,X,,2020 - 2020,
436,,,Zentrale Orte Monitoring,,,RegioStaR 17 - Regionalstatistischer Raumtyp,,,,,Inkar,151060,,,X,,2020 - 2020,
437,,,Zentrale Orte Monitoring,,,Bevölkerung,,,,,Inkar,151070,,,X,,2017 - 2020,
438,,,Zentrale Orte Monitoring,,,Bodenfläche gesamt qkm,,,,,Inkar,151080,,,X,,2017 - 2020,
439,,,Zentrale Orte Monitoring,,,Einwohnerdichte,,,,,Inkar,151090,,,X,,2017 - 2020,
440,,,Zentrale Orte Monitoring,,,Bevölkerungsentwicklung,,,,,Inkar,151100,,,X,,2017 - 2020,
441,,,Zentrale Orte Monitoring,,,Siedlungs- und Verkehrsfläche,,,,,Inkar,151110,,,X,,2017 - 2020,
442,,,Zentrale Orte Monitoring,,,Siedlungsdichte in km²,,,,,Inkar,151120,,,X,,2017 - 2020,
443,,,Zentrale Orte Monitoring,,,Gemeindeverwaltungen,,,,,Inkar,152010,,,X,,2017 - 2019,
444,,,Zentrale Orte Monitoring,,,Kreisverwaltungen,,,,,Inkar,152020,,,X,,2017 - 2019,
445,,,Zentrale Orte Monitoring,,,Finanzämter,,,,,Inkar,152030,,,X,,2018 - 2018,
446,,,Zentrale Orte Monitoring,,,Polizeidienststellen,,,,,Inkar,152040,,,X,,2019 - 2019,
447,,,Zentrale Orte Monitoring,,,"Polizeidienststellen, teilweise besetzt",,,,,Inkar,152050,,,X,,2019 - 2019,
448,,,Zentrale Orte Monitoring,,,"Polizeidienststellen, durchgehend besetzt",,,,,Inkar,152060,,,X,,2019 - 2019,
449,,,Zentrale Orte Monitoring,,,Arbeitsmarktverwaltungseinrichtungen,,,,,Inkar,152070,,,X,,2021 - 2021,
450,,,Zentrale Orte Monitoring,,,Jobcenter,,,,,Inkar,152080,,,X,,2021 - 2021,
451,,,Zentrale Orte Monitoring,,,Arbeitsagenturen,,,,,Inkar,152090,,,X,,2021 - 2021,
452,,,Zentrale Orte Monitoring,,,Sonstige Arbeitsmarktverwaltungseinrichtungen,,,,,Inkar,152100,,,X,,2021 - 2021,
453,,,Zentrale Orte Monitoring,,,Gerichte,,,,,Inkar,152110,,,X,,2018 - 2020,
454,,,Zentrale Orte Monitoring,,,Amtsgerichte,,,,,Inkar,152120,,,X,,2018 - 2020,
455,,,Zentrale Orte Monitoring,,,Nebenstelle eines Amtsgerichts,,,,,Inkar,152130,,,X,,2018 - 2020,
456,,,Zentrale Orte Monitoring,,,Landgerichte,,,,,Inkar,152140,,,X,,2018 - 2020,
457,,,Zentrale Orte Monitoring,,,Nebenstelle eines Landgerichts,,,,,Inkar,152150,,,X,,2018 - 2020,
458,,,Zentrale Orte Monitoring,,,Oberlandesgerichte,,,,,Inkar,152160,,,X,,2018 - 2020,
459,,,Zentrale Orte Monitoring,,,Nebenstelle eines Oberlandesgerichts,,,,,Inkar,152170,,,X,,2018 - 2020,
460,,,Zentrale Orte Monitoring,,,sozialversicherungspflichtig Beschäftigte am Arbeitsort,,,,,Inkar,153010,,,X,,2017 - 2020,
461,,,Zentrale Orte Monitoring,,,sozialversicherungspflichtig Beschäftigte am Wohnort,,,,,Inkar,153020,,,X,,2017 - 2020,
462,,,Zentrale Orte Monitoring,,,Beschäftigtendichte (AO),,,,,Inkar,153030,,,X,,2017 - 2020,
463,,,Zentrale Orte Monitoring,,,Beschäftigtendichte (WO),,,,,Inkar,153040,,,X,,2017 - 2020,
464,,,Zentrale Orte Monitoring,,,sozialversicherungspflichtig Beschäftigte Einpendler,,,,,Inkar,153050,,,X,,2017 - 2020,
465,,,Zentrale Orte Monitoring,,,sozialversicherungspflichtig Beschäftigte Auspendler,,,,,Inkar,153060,,,X,,2017 - 2020,
466,,,Zentrale Orte Monitoring,,,sozialversicherungspflichtig Beschäftigte Binnenpendler,,,,,Inkar,153070,,,X,,2017 - 2020,
467,,,Zentrale Orte Monitoring,,,Pendlersaldo,,,,,Inkar,153080,,,X,,2017 - 2020,
468,,,Zentrale Orte Monitoring,,,Arbeitsplatzzentralität,,,,,Inkar,153090,,,X,,2017 - 2020,
469,,,Zentrale Orte Monitoring,,,Arbeitslosigkeit,,,,,Inkar,153100,,,X,,2017 - 2020,
470,,,Zentrale Orte Monitoring,,,ÖV-Haltestellen,,,,,Inkar,154010,,,X,,2018 - 2020,
471,,,Zentrale Orte Monitoring,,,Bahnhaltestellen,,,,,Inkar,154020,,,X,,2018 - 2020,
472,,,Zentrale Orte Monitoring,,,Bushaltestellen,,,,,Inkar,154030,,,X,,2018 - 2020,
473,,,Zentrale Orte Monitoring,,,U-/Strassenbahnhaltestellen,,,,,Inkar,154040,,,X,,2018 - 2020,
474,,,Zentrale Orte Monitoring,,,hochfrequentierte ÖV-Haltestellen,,,,,Inkar,154050,,,X,,2020 - 2020,
475,,,Zentrale Orte Monitoring,,,hochfrequentierte Bahnhaltestellen,,,,,Inkar,154060,,,X,,2020 - 2020,
476,,,Zentrale Orte Monitoring,,,hochfrequentierte Bushaltestellen,,,,,Inkar,154070,,,X,,2020 - 2020,
477,,,Zentrale Orte Monitoring,,,hochfrequentierte U-/Strassenbahnhaltestellen,,,,,Inkar,154080,,,X,,2020 - 2020,
478,,,Zentrale Orte Monitoring,,,ÖV-Abfahrten,,,,,Inkar,154090,,,X,,2018 - 2020,
479,,,Zentrale Orte Monitoring,,,Bahn-Abfahrten,,,,,Inkar,154100,,,X,,2018 - 2020,
480,,,Zentrale Orte Monitoring,,,Bus-Abfahrten,,,,,Inkar,154110,,,X,,2018 - 2020,
481,,,Zentrale Orte Monitoring,,,U-/Straßenbahn-Abfahrten,,,,,Inkar,154120,,,X,,2018 - 2020,
482,,,Zentrale Orte Monitoring,,,Erreichbarkeit von IC-/EC-/ICE-Bahnhöfen,,,,,Inkar,154130,,,X,,2018 - 2021,
483,,,Zentrale Orte Monitoring,,,Erreichbarkeit Autobahnen,,,,,Inkar,154140,,,X,,2018 - 2021,
484,,,Zentrale Orte Monitoring,,,Erreichbarkeit Flughäfen,,,,,Inkar,154150,,,X,,2018 - 2021,
485,,,Zentrale Orte Monitoring,,,Erreichbarkeit KV-Terminal,,,,,Inkar,154160,,,X,,2018 - 2021,
486,,,Zentrale Orte Monitoring,,,Erreichbarkeit von Mittelzentren,,,,,Inkar,154170,,,X,,2018 - 2021,
487,,,Zentrale Orte Monitoring,,,Erreichbarkeit von Oberzentren,,,,,Inkar,154180,,,X,,2018 - 2021,
488,,,Zentrale Orte Monitoring,,,Breitbandversorgung mit 16 Mbit/s in %,,,,,Inkar,154190,,,X,,2017 - 2017,
489,,,Zentrale Orte Monitoring,,,Breitbandversorgung mit 50 Mbit/s in %,,,,,Inkar,154200,,,X,,2017 - 2020,
490,,,Zentrale Orte Monitoring,,,Breitbandversorgung mit 100 Mbit/s in %,,,,,Inkar,154210,,,X,,2017 - 2020,
491,,,Zentrale Orte Monitoring,,,Breitbandversorgung mit 1000 Mbit/s in %,,,,,Inkar,154220,,,X,,2020 - 2020,
492,,,Zentrale Orte Monitoring,,,Breitbandversorgung mit mind. 6 Mbit/s (4G-LTE) Mbit/s in %,,,,,Inkar,154230,,,X,,2020 - 2020,
493,,,Zentrale Orte Monitoring,,,Krankenhäuser insgesamt,,,,,Inkar,155010,,,X,,2019 - 2019,
494,,,Zentrale Orte Monitoring,,,Krankenhäuser unter Grundversorgung,,,,,Inkar,155020,,,X,,2019 - 2019,
495,,,Zentrale Orte Monitoring,,,Krankenhäuser mit Grundversorgung,,,,,Inkar,155030,,,X,,2019 - 2019,
496,,,Zentrale Orte Monitoring,,,Krankenhäuser mit Regelversorgung,,,,,Inkar,155040,,,X,,2019 - 2019,
497,,,Zentrale Orte Monitoring,,,Krankenhäuser mit Schwerpunktversorgung,,,,,Inkar,155050,,,X,,2019 - 2019,
498,,,Zentrale Orte Monitoring,,,Höchste Versorgungsstufe der Krankenhäuser,,,,,Inkar,155060,,,X,,2019 - 2019,
499,,,Zentrale Orte Monitoring,,,Krankenhausbetten,,,,,Inkar,155070,,,X,,2019 - 2019,
500,,,Zentrale Orte Monitoring,,,Krankenhausbetten je 1.000 Einwohner,,,,,Inkar,155080,,,X,,2019 - 2019,
501,,,Zentrale Orte Monitoring,,,Apotheken,,,,,Inkar,155100,,,X,,2021 - 2021,
502,,,Zentrale Orte Monitoring,,,Ärzte,,,,,Inkar,155110,,,X,,2017 - 2020,
503,,,Zentrale Orte Monitoring,,,Einwohner je Arzt,,,,,Inkar,155120,,,X,,2017 - 2020,
504,,,Zentrale Orte Monitoring,,,Hausärzte,,,,,Inkar,155130,,,X,,2017 - 2020,
505,,,Zentrale Orte Monitoring,,,Allgemeinärzte,,,,,Inkar,155140,,,X,,2017 - 2020,
506,,,Zentrale Orte Monitoring,,,Internisten,,,,,Inkar,155150,,,X,,2017 - 2020,
507,,,Zentrale Orte Monitoring,,,Kinderärzte,,,,,Inkar,155160,,,X,,2017 - 2020,
508,,,Zentrale Orte Monitoring,,,Hochschulen gesamt,,,,,Inkar,156010,,,X,,2017 - 2020,
509,,,Zentrale Orte Monitoring,,,Studierende an Hochschulen,,,,,Inkar,156020,,,X,,2017 - 2020,
510,,,Zentrale Orte Monitoring,,,Studierende an Hochschulen je 1.000 Einwohner,,,,,Inkar,156030,,,X,,2017 - 2020,
511,,,Zentrale Orte Monitoring,,,Studierende an Fachhochschulen je 1.000 Einwohner,,,,,Inkar,156040,,,X,,2017 - 2020,
512,,,Zentrale Orte Monitoring,,,Grundschulen,,,,,Inkar,156050,,,X,,2018 - 2019,
513,,,Zentrale Orte Monitoring,,,Schüler an Grundschulen,,,,,Inkar,156060,,,X,,2018 - 2019,
514,,,Zentrale Orte Monitoring,,,Schüler an Grundschulen je 1.000 Einwohner,,,,,Inkar,156070,,,X,,2018 - 2019,
515,,,Zentrale Orte Monitoring,,,Allgemeinbildende Schulen,,,,,Inkar,156080,,,X,,2018 - 2019,
516,,,Zentrale Orte Monitoring,,,Schüler an allgemeinbildenden Schulen,,,,,Inkar,156090,,,X,,2018 - 2019,
517,,,Zentrale Orte Monitoring,,,Schüler an allgemeinbildenden Schulen je 1.000 Einwohner,,,,,Inkar,156100,,,X,,2018 - 2019,
518,,,Zentrale Orte Monitoring,,,Weiterführende Schulen,,,,,Inkar,156110,,,X,,2018 - 2019,
519,,,Zentrale Orte Monitoring,,,Schüler an weiterführenden Schulen,,,,,Inkar,156120,,,X,,2018 - 2019,
520,,,Zentrale Orte Monitoring,,,Schüler an weiterführenden Schulen je 1.000 Einwohner,,,,,Inkar,156130,,,X,,2018 - 2019,
521,,,Zentrale Orte Monitoring,,,Allgemeinbildende Schulen mit Förderschwerpunkt,,,,,Inkar,156140,,,X,,2018 - 2019,
522,,,Zentrale Orte Monitoring,,,Schüler an allgemeinbildenden Schulen mit Förderschwerpunkt,,,,,Inkar,156150,,,X,,2018 - 2019,
523,,,Zentrale Orte Monitoring,,,Schüler an allgemeinbildenden Schulen mit Förderschwerpunkt je 1.000 Einwohner,,,,,Inkar,156160,,,X,,2018 - 2019,
524,,,Zentrale Orte Monitoring,,,Berufsbildende Schulen,,,,,Inkar,156170,,,X,,2017 - 2019,
525,,,Zentrale Orte Monitoring,,,Schüler an berufsbildenden Schulen,,,,,Inkar,156180,,,X,,2017 - 2019,
526,,,Zentrale Orte Monitoring,,,Schüler an berufsbildenden Schulen je 1.000 Einwohner,,,,,Inkar,156190,,,X,,2017 - 2019,
527,,,Zentrale Orte Monitoring,,,Bibliotheken,,,,,Inkar,156200,,,X,,2017 - 2017,
528,,,Zentrale Orte Monitoring,,,Öffentliche Bibliotheken,,,,,Inkar,156210,,,X,,2017 - 2017,
529,,,Zentrale Orte Monitoring,,,Wissenschaftliche Bibliotheken,,,,,Inkar,156220,,,X,,2017 - 2017,
530,,,Zentrale Orte Monitoring,,,Spezialbibliotheken,,,,,Inkar,156230,,,X,,2017 - 2017,
531,,,Zentrale Orte Monitoring,,,Bibliotheksentleihungen,,,,,Inkar,156240,,,X,,2017 - 2017,
532,,,Zentrale Orte Monitoring,,,Kinos,,,,,Inkar,156250,,,X,,2017 - 2017,
533,,,Zentrale Orte Monitoring,,,Kinosäle,,,,,Inkar,156260,,,X,,2017 - 2017,
534,,,Zentrale Orte Monitoring,,,Kinositzplätze,,,,,Inkar,156270,,,X,,2017 - 2017,
535,,,Öffentliche Finanzen,,,Steuerkraft,,,,,Inkar,14586,,,,X,,1995 - 2019
536,,,Öffentliche Finanzen,,,Einkommensteuer,,,,,Inkar,14610,,,,X,,1995 - 2020
537,,,Öffentliche Finanzen,,,Gewerbesteuer,,,,,Inkar,14611,,,,X,,1995 - 2020
538,,,Öffentliche Finanzen,,,Kommunale Schulden,,,,,Inkar,14612,,,,X,,2010 - 2020
539,,,Öffentliche Finanzen,,,Umsatzsteuer,,,,,Inkar,14906,,,,X,,1998 - 2020
540,,,Öffentliche Finanzen,,,Schlüsselzuweisungen,,,,,Inkar,14926,,,,X,,1995 - 2020
541,,,Öffentliche Finanzen,,,Kassenkredite,,,,,Inkar,14927,,,,X,,2010 - 2020
542,,,Öffentliche Finanzen,,,Personal der Kommunen,,,,,Inkar,14928,,,,X,,2006 - 2019
543,,,Öffentliche Finanzen,,,Ausgaben für Sachinvestitionen,,,,,Inkar,14929,,,,X,,2009 - 2020
544,,,Öffentliche Finanzen,,,Zuweisungen für Investitionsfördermaßnahmen,,,,,Inkar,14930,,,,X,,2009 - 2020
